1,Leo's Hot Dogs,2301 MISSION ST,Hot dogs and related toppings: non alcoholic beverages,37.76008693,-122.4188065
2,Ziaurehman Amini,5 THE EMBARCADERO,,37.794331,-122.3958111
3,Casita Vegana,Assessors Block 7283/Lot004,Coffee: Vegan Pastries: Vegan Hot Dogs: Vegan Tamales: Te: Vegan Shakes,37.72188971,-122.4925212
4,Sunset Mercantile/Outer Sunset Farmers Market & Mercantile,2155 37TH AVE,Multiple Food Trucks & Food Types,37.74732655,-122.4962807
5,El Calamar Perubian Food Truck,85 02ND ST,Lomo Saltado: Jalea: Ceviche: Calamar: Tilapia plate: chicken special. Soda: Water.,37.78845703,-122.3998842
6,"BOWL'D ACAI, LLC.",451 MONTGOMERY ST,Acai Bowls: Smoothies: Juices,37.79357693,-122.4032299
7,"BOWL'D ACAI, LLC.",200 LARKIN ST,Acai Bowls: Smoothies: Juices,37.78021548,-122.4160258
8,MOMO INNOVATION LLC,351 CALIFORNIA ST,Noodles: Meat & Drinks,37.79287075,-122.4007475
9,MOMO INNOVATION LLC,101 CALIFORNIA ST,MOMO Spicy Noodle: POPO's Noodle: Spicy Chicken Noodle: Rice Noodles,37.79294895,-122.3980986
10,Buenafe,220 RANKIN ST,Tacos: Burritos: Quesadillas: Tortas,37.74574924,-122.3924815
11,MOMO INNOVATION LLC,555 MISSION ST,Noodles,37.78844616,-122.3986412
12,Buenafe,750 PHELPS ST,Tacos: Burritos: Quesadillas: Tortas,37.73944545,-122.393015
13,MOMO INNOVATION LLC,1 BUSH ST,Noodles,37.79092151,-122.4001004
14,"BOWL'D ACAI, LLC.",15 MARINA BLVD,Acai Bowls: Poke Bowls: Smoothies: Juices,37.80457787,-122.4330108
15,HalalCartSF LLC,455 MARKET ST,Gyros: Kebabs: soft drinks: and water,37.79094704,-122.3986336
16,"BOWL'D ACAI, LLC.",111 BATTERY ST,Acai Bowls: Smoothies: Juices,37.79236679,-122.4001483
17,Philz Coffee Truck,735 MONTGOMERY ST,Hot coffee: iced coffee: hot chocolate: tea: pastries,37.7962155,-122.4037546
18,Philz Coffee Truck,250 PINE ST,Hot coffee: iced coffee: hot chocolate: tea: pastries,37.7922956,-122.4007069
19,Buenafe,901 16TH ST,Tacos burritos quesadillas tortas pupusas flautas tamales,37.76612469,-122.3954731
20,MOMO INNOVATION LLC,667 MISSION ST,Noodles: Meat & Drinks,37.78655805,-122.4010334
21,Truly Food & More,1500 GENEVA AVE,Latin Food: Tacos: Pupusas: Vegetables: Salad: Water: Sodas,37.7123026,-122.4316442
22,Philz Coffee Truck,401 CALIFORNIA ST,Hot coffee: iced coffee: hot chocolate: tea: pastries,37.79279574,-122.4013533
23,Street Meet,306 VALENCIA ST,Burritos: Tacos: Tortas: Quesadillas & Various Drinks.,37.76785527,-122.4224844
24,Zuri Food Facilities,475 CALIFORNIA ST,Peruvian Food Served Hot,37.79234639,-122.4023853
25,Zuri Food Facilities,490 02ND ST,Peruvian Food Served Hot,37.7830461,-122.3940666
26,La Jefa,531 BAY SHORE BLVD,Tacos: burritos: quesadillas: tortas: nachos (refried beans: cheese sauce: salsa fresca): carnes (beef: chicken: marinated pork: fried pork): canned beans: rice: sodas: horchata drinks.,37.7387268,-122.406736
27,Philz Coffee Truck,15 MARINA BLVD,Hot coffee: iced coffee: hot chocolate: tea: pastries,37.80457787,-122.4330108
28,Philz Coffee Truck,556 SUTTER ST,Hot coffee: iced coffee: hot chocolate: tea: pastries,37.78938545,-122.4095913
29,Zuri Food Facilities,100 SPEAR ST,Peruvian Food Served Hot,37.79215055,-122.394
30,Tacos Rodriguez,1275 EVANS AVE,Tacos: burritos: quesadillas: soda & water,37.73911143,-122.382465
31,Tacos Rodriguez,2198 OAKDALE AVE,Tacos: burritos: quesadillas: soda & water,37.74099474,-122.4011723
32,Tacos Rodriguez,600 MENDELL ST,Tacos: burritos: quesadillas: soda & water,37.73967879,-122.3864934
33,Senor Sisig,101 CALIFORNIA ST,Senor Sisig: Filipino fusion food: tacos: burritos: nachos: rice plates. Various beverages.,37.79294895,-122.3980986
34,Senor Sisig,120 ELLIS ST,Filipino fusion food: taco: burrito: nachos: rice plates,37.78561009,-122.4081548
35,Think is Good Inc.,430 CALIFORNIA ST,Lobster rolls: crab rolls: lobster burritos: crab burritos: chicken burritos: fish burritos: chicken burritos: poke bowls: soups: chips & soda.,37.79326221,-122.4017891
36,Tacos Rodriguez,1 SANSOME ST,Tacos: burritos: quesadillas: soda & water,37.79048515,-122.4009404
37,Zuri Food Facilities,1601 MARIPOSA ST,Peruvian Food Served Hot,0,0
38,Think is Good Inc.,560 MISSION ST,Lobster rolls: crab rolls: lobster burritos: crab burritos: chicken burritos: fish burritos: chicken burritos: poke bowls: soups: chips & soda.,37.78886472,-122.3993594
39,Quan Catering,1575 BURKE AVE,Cold Truck: Soft drinks: cup cakes: potato chips: cookies: gum: sandwiches (hot & cold): peanuts: muffins: coff (hot & cold): water: juice: yoplait: milk: orange juice: sunflower seeds: can foods: burritos: buscuits: chimichangas: rice krispies,37.74417845,-122.3867159
40,Liang Bai Ping,Assessors Block /Lot,Cold Truck: Pre-packaged sandwiches: snacks: fruit: various beverages,0,0
41,Reecees Soulicious,201 BAY SHORE BLVD,Fried Chicken: Fried Fish: Greens: Mac & Cheese: Peach Cobbler: and String beans,37.74530891,-122.4034201
42,Mini Mobile Food Catering,147 FREMONT ST,Cold Truck: Corn Dogs: Noodle Soups: Candy: Pre-packaged Snacks: Sandwiches: Chips: Coffee: Tea: Various Beverages,37.79018557,-122.3954717
43,Got Snacks,1020 03RD ST,sunflower seeds: crackerjacks: bottled water: peanuts: candy,37.77551014,-122.3909993
44,The Chef Station,8 10TH ST,South American/Peruvian food,37.77582552,-122.4172496
45,California Kahve,1234 GREAT HWY,Drip Coffee: Espresso Drinks: Matcha Green Tea: Black Teas: Herbal Teas: Crossaints: Savory and Sweet Breads,37.76360804,-122.5095958
46,Scotch Bonnet,50 01ST ST,Jerk chicken: curry chicken: curry goat: curry dhal: Burritos: Fish: Ox tails: rice: beans: veggies.,37.79014907,-122.3986582
47,Liang Bai Ping,931 PALOU AVE,Cold Truck: Pre-packaged sandwiches: snacks: fruit: various beverages,37.72673391,-122.378972
48,Senor Sisig,90 BROADWAY,Various menu items & drinks,37.79926011,-122.3996179
49,Senor Sisig,300 PINE ST,Filipino fusion food: tacos: burritos: nachos: rice plates. Various beverages.,0,0
50,Senor Sisig,120 02ND ST,Filipino fusion food: taco: burrito: nachos: rice plates,37.78751406,-122.3995663
51,Senor Sisig,901 MISSION ST,Senor Sisig: Filipino fusion food: tacos: burritos: nachos: rice plates. Various beverages.,37.78215364,-122.4066011
52,Senor Sisig,90 BROADWAY,Senor Sisig: Filipino fusion food: tacos: burritos: nachos: rice plates. Various beverages.Chairman Bao: Vegetable and meat sandwiches filled with Asian-flavored meats and vegetables.,37.79926011,-122.3996179
53,Senor Sisig,8 10TH ST,Senor Sisig: Filipino fusion food: tacos: burritos: nachos: rice plates. Various beverages.Chairman Bao: Vegetable and meat sandwiches filled with Asian-flavored meats and vegetables.,37.77582552,-122.4172496
54,Think is Good Inc.,100 PINE ST,Lobster rolls: crab rolls: lobster burritos: crab burritos: chicken burritos: fish burritos: chicken burritos: poke bowls: soups: chips & soda.,37.79264072,-122.3989703
55,"Off the Grid Services, LLC",44 MARY ST,Multiple Food Trucks & Food Types,37.78137237,-122.4066192
56,Bonito Poke,409 ILLINOIS ST,Bonito Poke Bowls & Various Drinks,37.76624505,-122.3873563
57,Natan's Catering,66 POTRERO AVE,Burgers: melts: hot dogs: burritos:sandwiches: fries: onion rings: drinks,37.76854329,-122.4084929
58,Natan's Catering,Assessors Block 3941/Lot001,Burgers: melts: hot dogs: burritos:sandwiches: fries: onion rings: drinks,37.76474132,-122.3871248
59,Natan's Catering,Assessors Block 5216/Lot030,Burgers: melts: hot dogs: burritos:sandwiches: fries: onion rings: drinks,37.74540643,-122.3900812
60,Natan's Catering,50 QUINT ST,Burgers: melts: hot dogs: burritos:sandwiches: fries: onion rings: drinks,37.74647051,-122.3889908
61,Natan's Catering,146 CONNECTICUT ST,Burgers: melts: hot dogs: burritos:sandwiches: fries: onion rings: drinks,37.7644473,-122.3979874
62,Natan's Catering,400 ALEMANY BLVD,Burgers: melts: hot dogs: burritos:sandwiches: fries: onion rings: drinks,37.7331424,-122.4145686
63,Natan's Catering,Assessors Block 8722/Lot001,Burgers: melts: hot dogs: burritos:sandwiches: fries: onion rings: drinks,37.76799555,-122.3875494
64,Natan's Catering,3040 HARRISON ST,Burgers: melts: hot dogs: burritos:sandwiches: fries: onion rings: drinks,37.74884806,-122.412619
65,Natan's Catering,Assessors Block 4046/Lot001,Burgers: melts: hot dogs: burritos:sandwiches: fries: onion rings: drinks,37.76200846,-122.3854418
66,Natan's Catering,151 MENDELL ST,Burgers: melts: hot dogs: burritos:sandwiches: fries: onion rings: drinks,37.74282023,-122.3828474
67,Natan's Catering,Assessors Block 4227/Lot012,Burgers: melts: hot dogs: burritos:sandwiches: fries: onion rings: drinks,37.75315511,-122.3911742
68,Natan's Catering,Assessors Block 8732/Lot001,Burgers: melts: hot dogs: burritos:sandwiches: fries: onion rings: drinks,37.77070298,-122.3907904
69,Natan's Catering,888 MARIN ST,Burgers: melts: hot dogs: burritos:sandwiches: fries: onion rings: drinks,37.74945833,-122.3850813
70,Natan's Catering,Assessors Block 5369/Lot003,Burgers: melts: hot dogs: burritos:sandwiches: fries: onion rings: drinks,37.73811777,-122.4044185
71,"Chairman SF, LLC",400 CALIFORNIA ST,Baos: bowls & drinks,0,0
72,Natan's Catering,950 HARRISON ST,Burgers: melts: hot dogs: burritos:sandwiches: fries: onion rings: drinks,37.77838862,-122.4031918
73,Natan's Catering,555 MISSOURI ST,Burgers: melts: hot dogs: burritos:sandwiches: fries: onion rings: drinks,37.75930377,-122.3959022
74,Natan's Catering,Assessors Block 5598/Lot031,Burgers: melts: hot dogs: burritos:sandwiches: fries: onion rings: drinks,37.74030387,-122.4060597
75,Natan's Catering,Assessors Block 4103/Lot023A,Burgers: melts: hot dogs: burritos:sandwiches: fries: onion rings: drinks,37.7583034,-122.3935141
76,Natan's Catering,435 23RD ST,Burgers: melts: hot dogs: burritos:sandwiches: fries: onion rings: drinks,37.75503073,-122.3845307
77,Natan's Catering,1580 BURKE AVE,Burgers: melts: hot dogs: burritos:sandwiches: fries: onion rings: drinks,37.74475219,-122.3856792
78,Natan's Catering,Assessors Block 8722/Lot003,Burgers: melts: hot dogs: burritos:sandwiches: fries: onion rings: drinks,37.76743302,-122.3921491
79,Natan's Catering,1140 07TH ST,Burgers: melts: hot dogs: burritos:sandwiches: fries: onion rings: drinks,37.76824939,-122.3984307
80,Natan's Catering,3335 17TH ST,Burgers: melts: hot dogs: burritos:sandwiches: fries: onion rings: drinks,37.76315639,-122.4203222
81,Natan's Catering,1650 03RD ST,Burgers: melts: hot dogs: burritos:sandwiches: fries: onion rings: drinks,37.76912441,-122.3914749
82,Natan's Catering,3201 03RD ST,Burgers: melts: hot dogs: burritos:sandwiches: fries: onion rings: drinks,37.74844534,-122.386879
83,Natan's Catering,1801 EVANS AVE,Burgers: melts: hot dogs: burritos:sandwiches: fries: onion rings: drinks,37.7445912,-122.3930769
84,Bonito Poke,505 HOWARD ST,Bonito Poke Bowls & Various Drinks,37.78798865,-122.3961007
85,Natan's Catering,600 16TH ST,Burgers: melts: hot dogs: burritos:sandwiches: fries: onion rings: drinks,37.76746629,-122.3908603
86,Natan's Catering,Assessors Block 7295/Lot022,Burgers: melts: hot dogs: burritos:sandwiches: fries: onion rings: drinks,37.73000368,-122.4781863
87,Natan's Catering,Assessors Block 4315/Lot03008,Burgers: melts: hot dogs: burritos:sandwiches: fries: onion rings: drinks,0,0
88,Natan's Catering,Assessors Block 4241/Lot002,Burgers: melts: hot dogs: burritos:sandwiches: fries: onion rings: drinks,37.75334,-122.3841284
89,Natan's Catering,2045 EVANS AVE,Burgers: melts: hot dogs: burritos:sandwiches: fries: onion rings: drinks,37.74777209,-122.3970317
90,Natan's Catering,Assessors Block 4172/Lot010,Burgers: melts: hot dogs: burritos:sandwiches: fries: onion rings: drinks,37.75712456,-122.3885295
91,Natan's Catering,Assessors Block 4281a/Lot012A,Burgers: melts: hot dogs: burritos:sandwiches: fries: onion rings: drinks,37.75076077,-122.4015403
92,Wu Wei LLC dba MoBowl,75 HOWARD ST,Various types of meat: veggie: and seafood bowls.,37.79155786,-122.3916715
93,Natan's Catering,2101 03RD ST,Burgers: melts: hot dogs: burritos:sandwiches: fries: onion rings: drinks,0,0
94,Natan's Catering,Assessors Block 4058/Lot010,Burgers: melts: hot dogs: burritos:sandwiches: fries: onion rings: drinks,37.76118299,-122.3881187
95,Natan's Catering,350 KANSAS ST,Burgers: melts: hot dogs: burritos:sandwiches: fries: onion rings: drinks,37.76537067,-122.4039078
96,Natan's Catering,Assessors Block 4296/Lot010,Burgers: melts: hot dogs: burritos:sandwiches: fries: onion rings: drinks,37.75240499,-122.3870002
97,"Bay Area Mobile Catering, Inc. dba. Taqueria Angelica's",3065 25TH ST,Tacos: burritos: soda & juice,37.75093165,-122.41142
98,"Bay Area Mobile Catering, Inc. dba. Taqueria Angelica's",1501 FOLSOM ST,Tacos: burritos: soda & juice,37.7715867,-122.414007
99,"Bay Area Mobile Catering, Inc. dba. Taqueria Angelica's",1301 CESAR CHAVEZ ST,Tacos: Burritos: Tortas: Quesadillas: Sodas: Chips: Candy,37.74925586,-122.3909754
100,"Bay Area Mobile Catering, Inc. dba. Taqueria Angelica's",1455 MARKET ST,Tacos: burritos: soda & juice,37.77522831,-122.4174661
101,Plaza Garibaldy,1 MONTGOMERY ST,Tacos: burritos: quesadillas,37.78924953,-122.4024186
102,Plaza Garibaldy,475 CALIFORNIA ST,Tacos: burritos: quesadillas,37.79234639,-122.4023853
103,Bonito Poke,400 HOWARD ST,Bonito Poke Bowls & Various Drinks,37.78911921,-122.395881
104,Bonito Poke,505 HOWARD ST,Bonito Poke Bowls & Various Drinks,37.78798865,-122.3961007
105,Bonito Poke,430 CALIFORNIA ST,Bonito Poke Bowls & Various Drinks,37.79326221,-122.4017891
106,Plaza Garibaldy,540 HOWARD ST,Tacos: burritos: quesadillas,37.78795496,-122.3972365
107,"Halal Cart, LLC",1 MARKET ST,kebabs: halal gyro: grilled halal meat: refreshments,37.79387151,-122.3948652
108,Kid Abelha - Brazilian Hamburgers,2045 EVANS AVE,Brazilian Hamburgers,37.74777209,-122.3970317
109,San Francisco's Hometown Creamery,281 GEARY ST,Ice Cream & Waffle Cones,37.78713649,-122.4077185
110,"San Francisco Carts & Concessions, Inc. DBA Stanley's Steamers Hot Dogs",251 GEARY ST,Hot dogs: condiments: soft pretzels: soft drinks: coffee: cold beverages: pastries: bakery goods: cookies: ice cream: candy: soups: churros: chestnuts: nuts: fresh fruit: fruit juices: desserts: potato chips and popcorn.,37.78717629,-122.4073981
111,El Alambre,1188 FRANKLIN ST,Tacos: Burritos: Quesadillas: Nachos Alambres: Choice of Meat: Carne Asada: Carnitas: Pollo: Al Pastor Camarones,37.78527195,-122.4226036
112,CARDONA'S FOOD TRUCK,1888 MISSION ST,Tacos: Burritos: Quesadillas: Various Drinks,37.7668976,-122.4203225
113,Liang Bai Ping,2200 OFARRELL ST,Cold Truck: Pre-packaged sandwiches: snacks: fruit: various beverages,0,0
114,F & C Catering,1500 TENNESSEE ST,Cold Truck: Hot/Cold Sandwiches: Water: Soda: Juice: Snacks: Milk: Candies: Canned Food: Soups: Cup of Noodles: Fruit: Salad,37.75224167,-122.3891885
115,El Gallo Jiro,3055 23RD ST,Burritos: Giros: Tortas: Quesadillas: Tacos & Various Beverages,37.75392774,-122.4133231
116,Singh Brothers Ice Cream,1191 QUESADA AVE,Ice Cream: Pre-Packaged Chips: Candies: Bottled Water & Canned SODA,37.72774449,-122.3821074
117,Esmeli Catering,Assessors Block /Lot,tacos: burritos: quesadilla: tortas sodas,0,0
118,El Tonayense #60,2355 FOLSOM ST,Tacos: Burritos: Tortas: Quesadillas: Drinks,0,0
119,Truly Food & More,505 HOWARD ST,Latin Food: Tacos: Pupusas: Vegetables: Salad: Waters: Sodas,37.78798865,-122.3961007
120,F & C Catering,1275 MINNESOTA ST,Cold Truck: Hot/Cold Sandwiches: Water: Soda: Juice: Snacks: Milk: Candies: Canned Food: Soups: Cup of Noodles: Fruit: Salad,37.75425171,-122.3893812
121,San Francisco's Hometown Creamery,340 POST ST,Ice Cream: Waffle Cones,37.788697,-122.4074704
122,San Francisco's Hometown Creamery,301 PINE ST,Ice cream & Waffle cones,37.79183426,-122.4012796
123,Golden Gate Halal Food,1169 MARKET ST,Pulao Plates & Sandwiches: Various Drinks,0,0
124,El Alambre,1800 FOLSOM ST,Tacos: Burritos: Quesadillas: Tortas,37.76785244,-122.4161049
125,F & C Catering,2800 03RD ST,Cold Truck: Hot/Cold Sandwiches: Water: Soda: Juice: Snacks: Milk: Candies: Canned Food: Soups: Cup of Noodles: Fruit: Salad,37.75371742,-122.388359
126,San Francisco's Hometown Creamery,425 CALIFORNIA ST,Ice Cream: Waffle Cones,37.79279574,-122.4013533
127,Street Meet,30 GROVE ST,Burritos: Tacos: Quesadillas: Tortas: Carne Asada Fries and various drinks,37.77915912,-122.4158079
128,El Alambre,1800 FOLSOM ST,Tacos: Burritos: Quesadillas: Tortas,37.76785244,-122.4161049
129,San Francisco's Hometown Creamery,1 MONTGOMERY ST,Ice Cream: Waffle Cones,37.78924953,-122.4024186
130,Papalote Inc.,60 SPEAR ST,Mexican; Burritos: Burrito Bowls: Salads,37.79253599,-122.3945932
131,DO UC US Mobile Catering,1420 04TH ST,Cold truck: sandwiches: salads: beverages: chips: candy: cookies: coffee: tea: drinks,37.76989775,-122.3910983
132,Street Meet,100 LARKIN ST,Burritos: Tacos: Quesadillas: Tortas: Carne Asada Fries and various drinks,37.77915912,-122.4158079
133,Wu Wei LLC dba MoBowl,900 FRONT ST,Various types of meat: veggie: and seafood bowls.,37.80022092,-122.399569
134,DO UC US Mobile Catering,2590 MARIN ST,Cold truck: sandwiches: salads: beverages: chips: candy: cookies: coffee: tea: drinks,37.74837583,-122.4032006
135,DO UC US Mobile Catering,400 PARNASSUS AVE,Cold truck: sandwiches: salads: beverages: chips: candy: cookies: coffee: tea: drinks,37.76386403,-122.4583917
136,Papalote Inc.,505 HOWARD ST,Mexican; Burritos: Burrito Bowls: Salads,37.78798865,-122.3961007
137,DO UC US Mobile Catering,1501 03RD ST,Cold truck: sandwiches: salads: beverages: chips: candy: cookies: coffee: tea: drinks,37.77089223,-122.3891692
138,Wu Wei LLC dba MoBowl,500 HOWARD ST,Various types of meat: veggie: and seafood bowls.,0,0
139,Flavors of Africa,560 MISSION ST,Meat and vegi rice bowls: meat and vegi salad bowls: meat and vegi wraps: drinks and juices.,37.78886472,-122.3993594
140,Wu Wei LLC dba MoBowl,253 DRUMM ST,Various types of meat: veggie: and seafood bowls.,37.79612338,-122.3972732
141,F & C Catering,2890 03RD ST,Cold Truck: Hot/Cold Sandwiches: Water: Soda: Juice: Snacks: Milk: Candies: Canned Food: Soups: Cup of Noodles: Fruit: Salad,37.75310875,-122.3881702
142,Brazuca Grill,500 FRANCISCO ST,Cold Truck: Sandwiches: Noodles:  Pre-packaged Snacks: Candy: Desserts Various Beverages,37.80504951,-122.4143344
143,Brazuca Grill,6000 03RD ST,Cold Truck: Sandwiches: Noodles:  Pre-packaged Snacks: Candy: Desserts Various Beverages,37.7239799,-122.3959035
144,tacos y pupusas los trinos,4384 MISSION ST,,37.72756654,-122.4329697
145,Brazuca Grill,368 ELM ST,Cold Truck: Sandwiches: Noodles:  Pre-packaged Snacks: Candy: Desserts Various Beverages,37.78138003,-122.4231438
146,Treats by the Bay LLC,1 MARKET ST,Ice Cream: Donuts,37.79387151,-122.3948652
147,Brazuca Grill,1040 MARIPOSA ST,Cold Truck: Sandwiches: Noodles:  Pre-packaged Snacks: Candy: Desserts Various Beverages,37.76420238,-122.3942852
148,F & C Catering,Assessors Block /Lot,Cold Truck: Hot/Cold Sandwiches: Water: Soda: Juice: Snacks: Milk: Candies: Canned Food: Soups: Cup of Noodles: Fruit: Salad,0,0
149,F & C Catering,900 MINNESOTA ST,Cold Truck: Hot/Cold Sandwiches: Water: Soda: Juice: Snacks: Milk: Candies: Canned Food: Soups: Cup of Noodles: Fruit: Salad,0,0
150,F & C Catering,700 25TH ST,Cold Truck: Hot/Cold Sandwiches: Water: Soda: Juice: Snacks: Milk: Candies: Canned Food: Soups: Cup of Noodles: Fruit: Salad,37.75338081,-122.3863677
151,Brazuca Grill,2150 CESAR CHAVEZ ST,Cold Truck: Sandwiches: Noodles:  Pre-packaged Snacks: Candy: Desserts Various Beverages,37.75023688,-122.397818
152,Brazuca Grill,1750 FOLSOM ST,Cold Truck: Sandwiches: Noodles:  Pre-packaged Snacks: Candy: Desserts Various Beverages,37.76890352,-122.4159812
153,Lerso,1450 MISSION ST,Pernil Asado: Ropa Vieja: Arroz con Pollo: Cuban Sandwich: Croquetas Fritas: Tostones: Platanos Maduros: Yuca Frita,37.77522831,-122.4174661
154,Brazuca Grill,3150 03RD ST,Cold Truck: Sandwiches: Noodles:  Pre-packaged Snacks: Candy: Desserts Various Beverages,37.74944294,-122.3879855
155,Brazuca Grill,951 INDIANA ST,Cold Truck: Sandwiches: Noodles:  Pre-packaged Snacks: Candy: Desserts Various Beverages,37.75878616,-122.3909584
156,F & C Catering,898 PENNSYLVANIA AVE,Cold Truck: Hot/Cold Sandwiches: Water: Soda: Juice: Snacks: Milk: Candies: Canned Food: Soups: Cup of Noodles: Fruit: Salad,37.75553447,-122.3939253
157,Wu Wei LLC dba MoBowl,370 DRUMM ST,Various types of meat: veggie: and seafood bowls.,37.79691371,-122.3966507
158,Singh Brothers Ice Cream,1562 BANCROFT AVE,Ice Cream: Pre-Packaged Chips: Candies: Bottled Water & Canned SODA,37.7254507,-122.3919916
159,Golden Gate Halal Food,979 MARKET ST,Pulao Plates & Sandwiches: Various Drinks,37.78228077,-122.4095312
160,Halal Cart of San Francisco,1 MARKET ST,Halal Gyro over Rice: Halal Chicken over Rice: Halal Gyro: and Chicken Sandwich,37.79387151,-122.3948652
161,Treats by the Bay LLC,120 ELLIS ST,Prepackaged Kettlecorn,37.78561009,-122.4081548
162,Treats by the Bay LLC,201 02ND ST,Prepackaged Kettlecorn,37.78680165,-122.3978716
163,Singh Brothers Ice Cream,1420 YOSEMITE AVE,Ice Cream: Pre-Packaged Chips: Candies: Bottled Water & Canned SODA,37.7251817,-122.3881927
164,"SOHOMEI, LLC",500 MASONIC AVE,COLD TRUCK. Deli: bbq chicken skewer: Chinese spring roll: Chinese fried rice/noodle: fried chicken leg/wing: bbq chicken sandwich: chicken cheese burger: burrito: lumpia. Snack: sunflower seeds: muffins: chips: snickers: kit-kat: 10 types of chocolate. Drinks: Coke: 7-Up: Dr. Pepper: Pepsi: Redbull: Vitamin Water: Rockstar: Coconut Juice: Water. Hot drinks: coffee: tea.,37.77655004,-122.4463076
165,"SOHOMEI, LLC",3300 CESAR CHAVEZ ST,COLD TRUCK. Deli: bbq chicken skewer: Chinese spring roll: Chinese fried rice/noodle: fried chicken leg/wing: bbq chicken sandwich: chicken cheese burger: burrito: lumpia. Snack: sunflower seeds: muffins: chips: snickers: kit-kat: 10 types of chocolate. Drinks: Coke: 7-Up: Dr. Pepper: Pepsi: Redbull: Vitamin Water: Rockstar: Coconut Juice: Water. Hot drinks: coffee: tea.,37.74854979,-122.4161707
166,Serendipity SF,400 CALIFORNIA ST,Meatloaf: Grilled Cheese: Chicken Sandwich: Caprese Salad: Kale Salad: Fries: Sweet Potato Fries: Mac and Cheese: Mashed Potatoes,37.79330428,-122.401459
167,CC Acquisition LLC,525 MARKET ST,Chai Tea,37.79040672,-122.3992759
168,Singh Brothers Ice Cream,297 HARBOR RD,Ice Cream: Pre-Packaged Chips: Candies: Bottled Water & Canned SODA,37.73343881,-122.3804675
169,"SOHOMEI, LLC",1118 MISSION ST,COLD TRUCK. Deli: bbq chicken skewer: Chinese spring roll: Chinese fried rice/noodle: fried chicken leg/wing: bbq chicken sandwich: chicken cheese burger: burrito: lumpia. Snack: sunflower seeds: muffins: chips: snickers: kit-kat: 10 types of chocolate. Drinks: Coke: 7-Up: Dr. Pepper: Pepsi: Redbull: Vitamin Water: Rockstar: Coconut Juice: Water. Hot drinks: coffee: tea.,37.77915721,-122.4116154
170,"SOHOMEI, LLC",432 CLAY ST,COLD TRUCK. Deli: bbq chicken skewer: Chinese spring roll: Chinese fried rice/noodle: fried chicken leg/wing: bbq chicken sandwich: chicken cheese burger: burrito: lumpia. Snack: sunflower seeds: muffins: chips: snickers: kit-kat: 10 types of chocolate. Drinks: Coke: 7-Up: Dr. Pepper: Pepsi: Redbull: Vitamin Water: Rockstar: Coconut Juice: Water. Hot drinks: coffee: tea.,37.79510556,-122.4008766
171,SPUNBYSS,240 02ND ST,American classic slider:  fried chicken slider: fried chicken skin: wedge cut fries: regular cut fries: handcrafted sodas: spring salad,37.78594032,-122.3977999
172,Singh Brothers Ice Cream,360 PENINSULA AVE,Ice Cream: Pre-Packaged Chips: Candies: Bottled Water & Canned SODA,37.71084128,-122.3996426
173,Singh Brothers Ice Cream,195 KISKA RD,Ice Cream: Pre-Packaged Chips: Candies: Bottled Water & Canned SODA,37.72943829,-122.3766578
174,Tacos El Primo,1700 EVANS AVE,Mexican food: tacos: burritos: tortas: various meat and chicken and fish plate: chile relleno plate: fish plate: bread: flan: rice pudding: bread: fruit juice: vegetable juice: coffee: tea,37.74488929,-122.390972
175,"SOHOMEI, LLC",1 THOMAS MORE WAY,COLD TRUCK. Deli: bbq chicken skewer: Chinese spring roll: Chinese fried rice/noodle: fried chicken leg/wing: bbq chicken sandwich: chicken cheese burger: burrito: lumpia. Snack: sunflower seeds: muffins: chips: snickers: kit-kat: 10 types of chocolate. Drinks: Coke: 7-Up: Dr. Pepper: Pepsi: Redbull: Vitamin Water: Rockstar: Coconut Juice: Water. Hot drinks: coffee: tea.,37.71000333,-122.4714119
176,Singh Brothers Ice Cream,2900 GRIFFITH ST,Ice Cream: Pre-Packaged Chips: Candies: Bottled Water & Canned SODA,37.71699129,-122.3895991
177,"SOHOMEI, LLC",1540 PINE ST,COLD TRUCK. Deli: bbq chicken skewer: Chinese spring roll: Chinese fried rice/noodle: fried chicken leg/wing: bbq chicken sandwich: chicken cheese burger: burrito: lumpia. Snack: sunflower seeds: muffins: chips: snickers: kit-kat: 10 types of chocolate. Drinks: Coke: 7-Up: Dr. Pepper: Pepsi: Redbull: Vitamin Water: Rockstar: Coconut Juice: Water. Hot drinks: coffee: tea.,37.78982692,-122.4211263
178,Munch India,400 CALIFORNIA ST,Daily rotating menus consisting of various local & organic vegetable: poultry: meat: seafood : rice & bread dishes.,37.79330428,-122.401459
179,Singh Brothers Ice Cream,1000 HOLLISTER AVE,Ice Cream: Pre-Packaged Chips: Candies: Bottled Water & Canned SODA,37.71893982,-122.3905179
180,Singh Brothers Ice Cream,1173 INGERSON AVE,Ice Cream: Pre-Packaged Chips: Candies: Bottled Water & Canned SODA,37.72044936,-122.395915
181,Tacos El Primo,1495 WALLACE AVE,Mexican food: tacos: burritos: tortas: various meat and chicken and fish plate: chile relleno plate: fish plate: bread: flan: rice pudding: bread: fruit juice: vegetable juice: coffee: tea,37.7259305,-122.3892156
182,The Huge Hotdog Concession,1300 POLK ST,Hotdogs: chips: soda: nuts: crackers,37.78887712,-122.420091
183,Julie's Hot Dogs,1850 MISSION ST,Hot dogs: bacon wrap hot dogs: chicken burgers: energy drinks: water & various drinks,37.76735502,-122.4205179
184,"Santana ESG, Inc.",1 SANSOME ST,Tacos: Burritos: Tortas: Quesadillas: Mexican Drinks: Aguas Frescas,37.79048515,-122.4009404
185,Singh Brothers Ice Cream,1475 DONNER AVE,Ice Cream: Pre-Packaged Chips: Candies: Bottled Water & Canned SODA,37.72279369,-122.3917197
186,Julie's Hot Dogs,2101 MISSION ST,Hot dogs: bacon wrap hot dogs: chicken burgers: energy drinks: water & various drinks,37.76317462,-122.4190095
187,Marengo,75 WATERLOO ST,Breakfast - egg: cheese: bacon: tomato: english muffin w/ butter: jam: or nutella: hard boiled eggs: fruit medley: water: coffee: milk: carrot juice: orange juice,37.73864994,-122.4061861
188,Singh Brothers Ice Cream,35 NIBBI CT,Ice Cream: Pre-Packaged Chips: Candies: Bottled Water & Canned SODA,37.71045169,-122.3961491
189,Eli's Hot Dogs,101 BAY SHORE BLVD,various styles of hot dogs & sausages: chips: breakfast sandwiches: chili: soda: water:,37.7469483,-122.403391
190,Singh Brothers Ice Cream,1101 PALOU AVE,Ice Cream: Pre-Packaged Chips: Candies: Bottled Water & Canned SODA,37.72867144,-122.3818651
191,"SOHOMEI, LLC",740 VALENCIA ST,COLD TRUCK. Deli: bbq chicken skewer: Chinese spring roll: Chinese fried rice/noodle: fried chicken leg/wing: bbq chicken sandwich: chicken cheese burger: burrito: lumpia. Snack: sunflower seeds: muffins: chips: snickers: kit-kat: 10 types of chocolate. Drinks: Coke: 7-Up: Dr. Pepper: Pepsi: Redbull: Vitamin Water: Rockstar: Coconut Juice: Water. Hot drinks: coffee: tea.,37.76095717,-122.4218242
192,SF Cart Project,535 MISSION BAY BLVD SOUTH,7 Multiple Trucks on rotation (1 on Mission Bay Blvd South & 6 on 4th St).   Serving everything but hot dogs,37.76912441,-122.3914749
193,"Santana ESG, Inc.",2598 HARRISON ST,Tacos: Burritos: Tortas: Quesadillas: Mexican Drinks: Aguas Frescas,0,0
194,"SOHOMEI, LLC",599 MASONIC AVE,COLD TRUCK. Deli: bbq chicken skewer: Chinese spring roll: Chinese fried rice/noodle: fried chicken leg/wing: bbq chicken sandwich: chicken cheese burger: burrito: lumpia. Snack: sunflower seeds: muffins: chips: snickers: kit-kat: 10 types of chocolate. Drinks: Coke: 7-Up: Dr. Pepper: Pepsi: Redbull: Vitamin Water: Rockstar: Coconut Juice: Water. Hot drinks: coffee: tea.,37.78072315,-122.4477896
195,"SOHOMEI, LLC",1580 DAVIDSON AVE,COLD TRUCK. Deli: bbq chicken skewer: Chinese spring roll: Chinese fried rice/noodle: fried chicken leg/wing: bbq chicken sandwich: chicken cheese burger: burrito: lumpia. Snack: sunflower seeds: muffins: chips: snickers: kit-kat: 10 types of chocolate. Drinks: Coke: 7-Up: Dr. Pepper: Pepsi: Redbull: Vitamin Water: Rockstar: Coconut Juice: Water. Hot drinks: coffee: tea.,37.74569303,-122.3907146
196,Singh Brothers Ice Cream,1550 WALLACE AVE,Ice Cream: Pre-Packaged Chips: Candies: Bottled Water & Canned SODA,37.72716807,-122.3900291
197,CC Acquisition LLC,298 MARKET ST,Indian Chai (Tea),37.79321373,-122.397043
198,Ruru Juice LLC,601 MISSION ST,Smoothies: Juice: Salads: Fruit Bowls: Soup,37.78767164,-122.3997629
199,Wonder Philly,960 04TH ST,Hot dogs: sausages: cheesesteaks: chips: drinks,37.77433767,-122.3940533
200,Singh Brothers Ice Cream,1104 FITZGERALD AVE,Ice Cream: Pre-Packaged Chips: Candies: Bottled Water & Canned SODA,37.72017472,-122.3894071
201,Julie's Hot Dogs,2365 MISSION ST,Hot dogs: Bacon wrapped hot dogs: soda: water: sports drinks: energy drinks: chips,37.75924029,-122.4185442
202,"SOHOMEI, LLC",690 MISSION ST,COLD TRUCK. Deli: bbq chicken skewer: Chinese spring roll: Chinese fried rice/noodle: fried chicken leg/wing: bbq chicken sandwich: chicken cheese burger: burrito: lumpia. Snack: sunflower seeds: muffins: chips: snickers: kit-kat: 10 types of chocolate. Drinks: Coke: 7-Up: Dr. Pepper: Pepsi: Redbull: Vitamin Water: Rockstar: Coconut Juice: Water. Hot drinks: coffee: tea.,0,0
203,"Kabob Trolley, LLC",298 KING ST,Gyros: Kebobs: refreshments and dessert,37.77764221,-122.3934181
204,"Kabob Trolley, LLC",1133 MISSION ST,Halal Gyro and Cheesesteaks,37.77833026,-122.4115159
205,Tacos El Primo,345 WILLIAMS AVE,Mexican food: tacos: burritos: tortas: various meat and chicken and fish plate: chile relleno plate: fish plate: bread: flan: rice pudding: bread: fruit juice: vegetable juice: coffee: tea,37.72980548,-122.3992471
206,Singh Brothers Ice Cream,1309 INGALLS ST,Ice Cream: Pre-Packaged Chips: Candies: Bottled Water & Canned SODA,37.73037424,-122.3818619
207,CC Acquisition LLC,560 VALENCIA ST,Chai Tea,37.76385808,-122.4220826
208,"Santana ESG, Inc.",200 SHOTWELL ST,Tacos: Burritos: Tortas: Quesadillas: Mexican Drinks: Aguas Frescas,37.76474535,-122.4165621
209,"SOHOMEI, LLC",544 02ND ST,COLD TRUCK. Deli: bbq chicken skewer: Chinese spring roll: Chinese fried rice/noodle: fried chicken leg/wing: bbq chicken sandwich: chicken cheese burger: burrito: lumpia. Snack: sunflower seeds: muffins: chips: snickers: kit-kat: 10 types of chocolate. Drinks: Coke: 7-Up: Dr. Pepper: Pepsi: Redbull: Vitamin Water: Rockstar: Coconut Juice: Water. Hot drinks: coffee: tea.,37.78242356,-122.3932364
210,Ruru Juice LLC,80 SUTTER ST,Smoothies: Juice: Salads: Fruit Bowls: Soup,37.79034625,-122.4018502
211,Singh Brothers Ice Cream,3444 JENNINGS ST,Ice Cream: Pre-Packaged Chips: Candies: Bottled Water & Canned SODA,37.71852205,-122.3966614
212,Tacos Lol-Tun,1610 ARMSTRONG AVE,Tortas: burritos: tacos: ensaladas: sodas,37.72659436,-122.3923556
213,El Tonayense #60,401 TREAT AVE,Tacos: Burritos: Tortas: Quesadillas: Drinks,37.76310833,-122.4134549
214,"SOHOMEI, LLC",1570 BURKE AVE,COLD TRUCK. Deli: bbq chicken skewer: Chinese spring roll: Chinese fried rice/noodle: fried chicken leg/wing: bbq chicken sandwich: chicken cheese burger: burrito: lumpia. Snack: sunflower seeds: muffins: chips: snickers: kit-kat: 10 types of chocolate. Drinks: Coke: 7-Up: Dr. Pepper: Pepsi: Redbull: Vitamin Water: Rockstar: Coconut Juice: Water. Hot drinks: coffee: tea.,37.74475219,-122.3856792
215,"SOHOMEI, LLC",730 ELLIS ST,COLD TRUCK. Deli: bbq chicken skewer: Chinese spring roll: Chinese fried rice/noodle: fried chicken leg/wing: bbq chicken sandwich: chicken cheese burger: burrito: lumpia. Snack: sunflower seeds: muffins: chips: snickers: kit-kat: 10 types of chocolate. Drinks: Coke: 7-Up: Dr. Pepper: Pepsi: Redbull: Vitamin Water: Rockstar: Coconut Juice: Water. Hot drinks: coffee: tea.,37.78442074,-122.4184054
216,"SOHOMEI, LLC",1240 MINNESOTA ST,COLD TRUCK. Deli: bbq chicken skewer: Chinese spring roll: Chinese fried rice/noodle: fried chicken leg/wing: bbq chicken sandwich: chicken cheese burger: burrito: lumpia. Snack: sunflower seeds: muffins: chips: snickers: kit-kat: 10 types of chocolate. Drinks: Coke: 7-Up: Dr. Pepper: Pepsi: Redbull: Vitamin Water: Rockstar: Coconut Juice: Water. Hot drinks: coffee: tea.,37.75461495,-122.3903881
217,"SOHOMEI, LLC",85 02ND ST,COLD TRUCK. Deli: bbq chicken skewer: Chinese spring roll: Chinese fried rice/noodle: fried chicken leg/wing: bbq chicken sandwich: chicken cheese burger: burrito: lumpia. Snack: sunflower seeds: muffins: chips: snickers: kit-kat: 10 types of chocolate. Drinks: Coke: 7-Up: Dr. Pepper: Pepsi: Redbull: Vitamin Water: Rockstar: Coconut Juice: Water. Hot drinks: coffee: tea.,37.78845703,-122.3998842
218,Singh Brothers Ice Cream,2115 JENNINGS ST,Ice Cream: Pre-Packaged Chips: Candies: Bottled Water & Canned SODA,37.72672798,-122.3886584
219,Singh Brothers Ice Cream,800 JAMESTOWN AVE,Ice Cream: Pre-Packaged Chips: Candies: Bottled Water & Canned SODA,37.716443,-122.3899379
220,"SOHOMEI, LLC",501 HOWARD ST,COLD TRUCK. Deli: bbq chicken skewer: Chinese spring roll: Chinese fried rice/noodle: fried chicken leg/wing: bbq chicken sandwich: chicken cheese burger: burrito: lumpia. Snack: sunflower seeds: muffins: chips: snickers: kit-kat: 10 types of chocolate. Drinks: Coke: 7-Up: Dr. Pepper: Pepsi: Redbull: Vitamin Water: Rockstar: Coconut Juice: Water. Hot drinks: coffee: tea.,0,0
221,Singh Brothers Ice Cream,1698 KIRKWOOD AVE,Ice Cream: Pre-Packaged Chips: Candies: Bottled Water & Canned SODA,37.73935716,-122.3915228
222,"SOHOMEI, LLC",2401 22ND ST,COLD TRUCK. Deli: bbq chicken skewer: Chinese spring roll: Chinese fried rice/noodle: fried chicken leg/wing: bbq chicken sandwich: chicken cheese burger: burrito: lumpia. Snack: sunflower seeds: muffins: chips: snickers: kit-kat: 10 types of chocolate. Drinks: Coke: 7-Up: Dr. Pepper: Pepsi: Redbull: Vitamin Water: Rockstar: Coconut Juice: Water. Hot drinks: coffee: tea.,37.75563701,-122.4051019
223,Singh Brothers Ice Cream,1207 SHAFTER AVE,Ice Cream: Pre-Packaged Chips: Candies: Bottled Water & Canned SODA,37.72670827,-122.3836249
224,"SOHOMEI, LLC",1652 EDDY ST,COLD TRUCK. Deli: bbq chicken skewer: Chinese spring roll: Chinese fried rice/noodle: fried chicken leg/wing: bbq chicken sandwich: chicken cheese burger: burrito: lumpia. Snack: sunflower seeds: muffins: chips: snickers: kit-kat: 10 types of chocolate. Drinks: Coke: 7-Up: Dr. Pepper: Pepsi: Redbull: Vitamin Water: Rockstar: Coconut Juice: Water. Hot drinks: coffee: tea.,37.78159675,-122.4348578
225,El Tonayanse #4 / #36,1717 HARRISON ST,Tacos: Burritos: Tortas: Quesadillas,0,0
226,Singh Brothers Ice Cream,1060 KEY AVE,Ice Cream: Pre-Packaged Chips: Candies: Bottled Water & Canned SODA,37.71920022,-122.3959767
227,"SOHOMEI, LLC",Assessors Block 3902/Lot002,COLD TRUCK. Deli: bbq chicken skewer: Chinese spring roll: Chinese fried rice/noodle: fried chicken leg/wing: bbq chicken sandwich: chicken cheese burger: burrito: lumpia. Snack: sunflower seeds: muffins: chips: snickers: kit-kat: 10 types of chocolate. Drinks: Coke: 7-Up: Dr. Pepper: Pepsi: Redbull: Vitamin Water: Rockstar: Coconut Juice: Water. Hot drinks: coffee: tea.,37.76830699,-122.4120003
228,BH & MT LLC,1477 GROVE ST,Cold Truck: Breakfast: Sandwiches: Salads: Pre-Packaged Snacks: Beverages,37.77529014,-122.4407312
229,Flavors of Africa,405 HOWARD ST,Meat and vegi rice bowls: meat and vegi salad bowls: meat and vegi wraps: drinks and juices.,37.78853001,-122.3951443
230,Rita's Catering,1028 MISSION ST,Filipino Food,37.78069438,-122.4096688
231,Eva's Catering,1900 19TH AVE,Cold Truck: Burrito: Corn Dog: Salads: Sandwiches: Quesadilla: Tacos: Fried Rice: Cow Mein: Chinese Rice: Noodle Plates: Soup: Bacon: Eggs: Ham: Avacado: Sausages: Beverages,37.75212416,-122.4758723
232,Eva's Catering,1199 ORTEGA ST,Cold Truck: Burrito: Corn Dog: Salads: Sandwiches: Quesadilla: Tacos: Fried Rice: Cow Mein: Chinese Rice: Noodle Plates: Soup: Bacon: Eggs: Ham: Avacado: Sausages: Beverages,37.78350912,-122.4900712
233,Eva's Catering,2600 INGALLS ST,Corndogs: fried burrito: rice placet: soda: water: sandwiches: soup: noodle plates,37.72262922,-122.3900618
234,Faith Sandwich,58 MAIN ST,BBQ PORK SANDWICHGRILL CHICKEN SANDWICHSHIRMP SPRING ROLLSBBQ PORK OVER RICEGRILL CHICKEN OVER RICEBBQ PORK VERMICELLIGRILL CHICKEN VERMICELLIBBQ PORK GARLIC NOODLEGRILL CHICKEN GARLIC NOODLENEW ITEMS:MASALA DOSAPANNER DOSACHICKEN CURRY & RICECHICKEN STEWRICE OR DOSAADD CHEESEADD GHEE,37.79210934,-122.3958039
235,San Pancho's Tacos,1271 CAPITOL AVE,Tacos: Burritos: Quesadillas: Tortas: Nachos: Hot Dogs:Soda: Water: Fruit Drinks,37.72429778,-122.4593773
236,"San Francisco Carts & Concessions, Inc. DBA Stanley's Steamers Hot Dogs",100 GEARY ST,Hot dogs: condiments: soft pretzels: soft drinks: coffee: cold beverages: pastries: bakery goods: cookies: ice cream: candy: soups: churros: chestnuts: nuts: fresh fruit: fruit juices: desserts: potato chips and popcorn.,37.78791423,-122.4052705
237,Flavors of Africa,555 MISSION ST,Meat and vegi rice bowls: meat and vegi salad bowls: meat and vegi wraps: drinks and juices.,37.78844616,-122.3986412
238,FRUITYMANIA,870 MARKET ST,Fruit Salads: Fruit Drinks: Can Soda: Water,37.78511092,-122.4074227
239,BH & MT LLC,949 PRESIDIO AVE,Cold Truck: Breakfast: Sandwiches: Salads: Pre-Packaged Snacks: Beverages,37.78392207,-122.4467216
240,BH & MT LLC,401 23RD ST,Cold Truck: Breakfast: Sandwiches: Salads: Pre-Packaged Snacks: Beverages,37.75503073,-122.3845307
241,Fruteria Serrano,4650 MISSION ST,Fruits including mangoes: pineapples: coconuts: watermelon: corn: cucumber: potatoes chips: water: Mexican drinks: sodas: juices: snow cones,37.72366128,-122.4359438
242,Giant Burrito,1500 GENEVA AVE,Tacos: Burritos: Tostadas: Flautas: Tostadas: Tortas: Pozole Menudo,37.7123026,-122.4316442
243,Street Meet,777 MARIPOSA ST,Tacos: burritos: quesadillas: tortas: asada fries: nachos,37.76381128,-122.3912654
244,"Off the Grid Services, LLC",90 BROADWAY,everything except for hot dogs,37.79926011,-122.3996179
245,"The New York Frankfurter Co. of CA, Inc. DBA: Annie's Hot Dogs",101 STOCKTON ST,Soft Pretzels: hot dogs: sausage: chips: popcorn: soda: espresso: cappucino: pastries: ice cream: italian sausages: shish-ka-bob: churros: juice: water: various drinks,37.78685611,-122.4068919
246,Mini Mobile Food Catering,Assessors Block 4341/Lot001,Cold Truck: Corn Dogs: Noodle Soups: Candy: Pre-packaged Snacks: Sandwiches: Chips: Coffee: Tea: Various Beverages,37.74895036,-122.4014932
247,Faith Sandwich,560 MISSION ST,BBQ PORK SANDWICHGRILL CHICKEN SANDWICHSHIRMP SPRING ROLLSBBQ PORK OVER RICEGRILL CHICKEN OVER RICEBBQ PORK VERMICELLIGRILL CHICKEN VERMICELLIBBQ PORK GARLIC NOODLEGRILL CHICKEN GARLIC NOODLENEW ITEMS:MASALA DOSAPANNER DOSACHICKEN CURRY & RICECHICKEN STEWRICE OR DOSAADD CHEESEADD GHEE,37.78886472,-122.3993594
248,BH & MT LLC,3253 16TH ST,Cold Truck: Breakfast: Sandwiches: Salads: Pre-Packaged Snacks: Beverages,37.76445952,-122.4251614
249,"Off the Grid Services, LLC",250 04TH ST,everything except for hot dogs,37.78236012,-122.402096
250,Shah's Halal Food,532 MARKET ST,Chicken Gyro: Lamb Gyro: Chiken Gyro Plate: Lamb Gyro Plate: Combination Gyro Plate.,37.79054832,-122.4003337
251,Star Taco,580 HOWARD ST,Mexican Food,37.78730425,-122.3980373
252,FRUITYMANIA,801 MARKET ST,Fruit Salads: Fruit Drinks: Can Soda: Water,37.78499028,-122.4056766
253,Quan Catering,2920 03RD ST,Cold Truck: Soft drinks: cup cakes: potato chips: cookies: gum: sandwiches (hot & cold): peanuts: muffins: coff (hot & cold): water: juice: yoplait: milk: orange juice: sunflower seeds: can foods: burritos: buscuits: chimichangas: rice krispies,37.75197163,-122.3879655
254,Halal Cart of San Francisco,400 MONTGOMERY ST,Halal Gyro over Rice: Halal Chicken over Rice: Halal Gyro: and Chicken Sandwich,37.79314863,-122.4025672
255,Scotch Bonnet,115 SANSOME ST,Jerk chicken: curry chicken: curry goat: curry dhal: Burritos: Fish: Ox tails: rice: beans: veggies.,37.79142654,-122.4010379
256,Kettle Corn Star,773 MARKET ST,Kettle Corn: Funnel Cakes: Lemonade: Beverages: Flan: Hot Dogs: Falafel: Hot and Cold Sandwiches: French Fries: Baklava and Pastries,37.78539564,-122.404391
257,Roadside Rotisserie Corporation / Country Grill,1 BUSH ST,Rotisserie Chicken: Ribs: Kickass Salad: Potatos w/fat dripping: chicken wrap.,37.79092151,-122.4001004
258,"Off the Grid Services, LLC",185 BERRY ST,everything except for hot dogs,37.77632715,-122.3917968
259,Quan Catering,2111 LANE ST,Cold Truck: Soft drinks: cup cakes: potato chips: cookies: gum: sandwiches (hot & cold): peanuts: muffins: coff (hot & cold): water: juice: yoplait: milk: orange juice: sunflower seeds: can foods: burritos: buscuits: chimichangas: rice krispies,37.72878796,-122.3922948
260,Liang Bai Ping,1450 WALLACE AVE,Cold Truck: Pre-packaged sandwiches: snacks: fruit: various beverages,37.72614569,-122.3882277
261,Roadside Rotisserie Corporation / Country Grill,300 CALIFORNIA ST,Rotisserie Chicken; Ribs; Pork Loin; Roasted Potatoes; Chicken Wrap; Kale Salad; Drinks,37.79344653,-122.4003437
262,Roadside Rotisserie Corporation / Country Grill,1 POST ST,Rotisserie chicken: pork loin: ribs: chicken salad wrap: potatoes: roasted seasonal vegetables kale salad: beverages.,37.78877872,-122.4025746
263,Roadside Rotisserie Corporation / Country Grill,333 BRANNAN ST,Rotisserie Chicken; Ribs; Pork Loin; Roasted Potatoes; Chicken Wrap; Kale Salad; Drinks,37.780918,-122.392417
264,Bonito Poke,400 HOWARD ST,Bonito Poke Bowls & Various Drinks,37.78911921,-122.395881
265,BH & MT LLC,170 OTIS ST,Cold Truck: Breakfast: Sandwiches: Salads: Pre-Packaged Snacks: Beverages,0,0
266,SF Street Food,290 SUTTER ST,Chicken Tikka Masala: Vegetarian Rice Plate: Burritos: Tacos: Mango Lassi,37.78991387,-122.4052329
267,Roadside Rotisserie Corporation / Country Grill,90 BROADWAY,Rotisserie Chicken: Ribs: Kickass Salad: Potatos w/fat dripping: chicken wrap.,37.79926011,-122.3996179
268,Bonito Poke,430 CALIFORNIA ST,Bonito Poke Bowls & Various Drinks,37.79326221,-122.4017891
269,"Off the Grid Services, LLC",1 BUSH ST,,37.79092151,-122.4001004
270,"Bay Area Dots, LLC",900 BEACH ST,Hot dogs: condiments: soft pretzels: soft drinks: coffee:cold beverages: pastries: bakery goods: cookies: icecream: candy: soups: churros: chestnuts: nuts: fresh fruit: fruit juices: desserts: potato chips and popcorn.,37.80774329,-122.4241499
271,BH & MT LLC,2001 MARKET ST,Cold Truck: Breakfast: Sandwiches: Salads: Pre-Packaged Snacks: Beverages,37.76832025,-122.4271106
272,Eva's Catering,1650 20TH AVE,Cold Truck: Burrito: Corn Dog: Salads: Sandwiches: Quesadilla: Tacos: Fried Rice: Cow Mein: Chinese Rice: Noodle Plates: Soup: Bacon: Eggs: Ham: Avacado: Sausages: Beverages,37.75798419,-122.4334658
273,Eva's Catering,630 BRANNAN ST,Cold Truck: Burrito: Corn Dog: Salads: Sandwiches: Quesadilla: Tacos: Fried Rice: Cow Mein: Chinese Rice: Noodle Plates: Soup: Bacon: Eggs: Ham: Avacado: Sausages: Beverages,37.77609875,-122.4002872
274,Eva's Catering,530 05TH ST,Cold Truck: Burrito: Corn Dog: Salads: Sandwiches: Quesadilla: Tacos: Fried Rice: Cow Mein: Chinese Rice: Noodle Plates: Soup: Bacon: Eggs: Ham: Avacado: Sausages: Beverages,37.77687639,-122.4002596
275,Eva's Catering,2045 EVANS AVE,Cold Truck: Burrito: Corn Dog: Salads: Sandwiches: Quesadilla: Tacos: Fried Rice: Cow Mein: Chinese Rice: Noodle Plates: Soup: Bacon: Eggs: Ham: Avacado: Sausages: Beverages,37.74777209,-122.3970317
276,Eva's Catering,1100 ORTEGA ST,Cold Truck: Burrito: Corn Dog: Salads: Sandwiches: Quesadilla: Tacos: Fried Rice: Cow Mein: Chinese Rice: Noodle Plates: Soup: Bacon: Eggs: Ham: Avacado: Sausages: Beverages,37.75266052,-122.4754735
277,BH & MT LLC,1265 GROVE ST,Cold Truck: Breakfast: Sandwiches: Salads: Pre-Packaged Snacks: Beverages,37.77577437,-122.4373316
278,Liang Bai Ping,1145 REVERE AVE,Cold Truck: Pre-packaged sandwiches: snacks: fruit: various beverages,37.72659048,-122.3817522
279,"Off the Grid Services, LLC",185 BERRY ST,everything except for hot dogs,37.77632715,-122.3917968
280,El Alambre,1100 FRANKLIN ST,Tacos: Burritos: Quesadillas: Nachos Alambres: Choice of Meat: Carne Asada: Carnitas: Pollo: Al Pastor Camarones,37.78484603,-122.4225681
281,CARDONA'S FOOD TRUCK,1800 MISSION ST,Tacos: Burritos: Quesadillas: Various Drinks,37.76781718,-122.4205753
282,Truly Food & More,217 SANSOME ST,Latin Food: Tacos: Pupusas: Vegetables: Salad: Waters: Sodas,37.79238986,-122.4012697
283,Union Square Business Improvement District,Assessors Block /Lot,All types of food except for BBQ on site per fire safety. Partnership with Off the Grid and their fleet of MFF's,0,0
284,"San Francisco Carts & Concessions, Inc. DBA Stanley's Steamers Hot Dogs",384 POST ST,American Food: Hot dogs: pretzels: ice cream: salads: beverages: sandwiches: soup: coffee: pastries:etc.,37.78862122,-122.4080689
285,"BOWL'D ACAI, LLC.",15 MARINA BLVD,Acai Bowls: Poke Bowls: Smoothies: Juices,37.80457787,-122.4330108
286,Tacos El Ojo De Agua,551 03RD ST,Tacos: Burritos: Tortas: Quesadillas: Salads: Soup: Fruits: Juices: Soda: Water,37.78064721,-122.3946292
287,Liang Bai Ping,1127 SHAFTER AVE,Cold Truck: Pre-packaged sandwiches: snacks: fruit: various beverages,37.72594556,-122.3822812
288,Mini Mobile Food Catering,420 BERRY ST,Cold Truck: Corn Dogs: Noodle Soups: Candy: Pre-packaged Snacks: Sandwiches: Chips: Coffee: Tea: Various Beverages,37.77200866,-122.3990838
289,Quan Catering,722 BRANNAN ST,Cold Truck: Soft drinks: cup cakes: potato chips: cookies: gum: sandwiches (hot & cold): peanuts: muffins: coff (hot & cold): water: juice: yoplait: milk: orange juice: sunflower seeds: can foods: burritos: buscuits: chimichangas: rice krispies,37.77444911,-122.4020872
290,Tacos Santo Toribio,928 TOLAND ST,tacos,37.74162369,-122.4015472
291,Quan Catering,3305 03RD ST,Cold Truck: Soft drinks: cup cakes: potato chips: cookies: gum: sandwiches (hot & cold): peanuts: muffins: coff (hot & cold): water: juice: yoplait: milk: orange juice: sunflower seeds: can foods: burritos: buscuits: chimichangas: rice krispies,37.74383117,-122.3777974
292,Reecees Soulicious,4705 03RD ST,Fried Chicken: Fried Fish: Greens: Mac & Cheese: Peach Cobbler: and String beans,37.73500423,-122.3901725
293,Taqueria Lolita,1700 EVANS AVE,Tacos: burritos: quesadillas: combination plates: tortas: tostadas,37.74488929,-122.390972
294,Julie's Hot Dogs,2386 MISSION ST,Hot dogs: bacon-wrapped hot dogs: chicken burgers: energy drinks: water and various other drinks.,37.75887999,-122.4193792
295,"San Francisco Carts & Concessions, Inc. DBA Stanley's Steamers Hot Dogs",Assessors Block /Lot,American Food: Hot dogs: pretzels: ice cream: salads: beverages: sandwiches: soup: coffee: pastries:etc.,0,0
296,"Off the Grid Services, LLC",Assessors Block /Lot,varies truck to truck,0,0
297,Liang Bai Ping,1420 YOSEMITE AVE,Cold Truck: Pre-packaged sandwiches: snacks: fruit: various beverages,37.7251817,-122.3881927
298,Liang Bai Ping,1377 FELL ST,Cold Truck: Pre-packaged sandwiches: snacks: fruit: various beverages,37.77328794,-122.4400323
299,Quan Catering,222 02ND ST,Cold Truck: Soft drinks: cup cakes: potato chips: cookies: gum: sandwiches (hot & cold): peanuts: muffins: coff (hot & cold): water: juice: yoplait: milk: orange juice: sunflower seeds: can foods: burritos: buscuits: chimichangas: rice krispies,37.7863198,-122.3982351
300,Mini Mobile Food Catering,355 BERRY ST,Cold Truck: Corn Dogs: Noodle Soups: Candy: Pre-packaged Snacks: Sandwiches: Chips: Coffee: Tea: Various Beverages,37.77236391,-122.397041
301,The Chai Cart,79 NEW MONTGOMERY ST,Hot Indian Chai (Tea),37.7878897,-122.4005353
302,Swell Cream & Coffee,2401 36TH AVE,Ice cream: coffee: pastries,37.74129028,-122.4943779
303,Quan Catering,2190 CESAR CHAVEZ ST,Cold Truck: Soft drinks: cup cakes: potato chips: cookies: gum: sandwiches (hot & cold): peanuts: muffins: coff (hot & cold): water: juice: yoplait: milk: orange juice: sunflower seeds: can foods: burritos: buscuits: chimichangas: rice krispies,37.75023688,-122.397818
304,Liang Bai Ping,1135 REVERE AVE,Cold Truck: Pre-packaged sandwiches: snacks: fruit: various beverages,37.72647072,-122.3815412
305,Munch India,Assessors Block /Lot,Daily rotating menus consisting of various local & organic vegetable: poultry: meat: seafood : rice & bread dishes.,0,0
306,Liang Bai Ping,1160 REVERE AVE,Cold Truck: Pre-packaged sandwiches: snacks: fruit: various beverages,37.72723401,-122.3818155
307,Mini Mobile Food Catering,355 FREMONT ST,Cold Truck: Corn Dogs: Noodle Soups: Candy: Pre-packaged Snacks: Sandwiches: Chips: Coffee: Tea: Various Beverages,37.78732242,-122.3922237
308,Liang Bai Ping,2115 JENNINGS ST,Cold Truck: Pre-packaged sandwiches: snacks: fruit: various beverages,37.72672798,-122.3886584
309,Liang Bai Ping,1335 YOSEMITE AVE,Cold Truck: Pre-packaged sandwiches: snacks: fruit: various beverages,37.72387884,-122.3870109
310,Mini Mobile Food Catering,1690 FOLSOM ST,Cold Truck: Corn Dogs: Noodle Soups: Candy: Pre-packaged Snacks: Sandwiches: Chips: Coffee: Tea: Various Beverages,37.77013758,-122.4159834
311,Quan Catering,500 SELBY ST,Cold Truck: Soft drinks: cup cakes: potato chips: cookies: gum: sandwiches (hot & cold): peanuts: muffins: coff (hot & cold): water: juice: yoplait: milk: orange juice: sunflower seeds: can foods: burritos: buscuits: chimichangas: rice krispies,37.74449821,-122.3969554
312,Pipo's Grill,1800 FOLSOM ST,Tacos: Burritos: Hot Dogs: and Hamburgers,37.76785244,-122.4161049
313,Quan Catering,400 BEALE ST,Cold Truck: Soft drinks: cup cakes: potato chips: cookies: gum: sandwiches (hot & cold): peanuts: muffins: coff (hot & cold): water: juice: yoplait: milk: orange juice: sunflower seeds: can foods: burritos: buscuits: chimichangas: rice krispies,37.78690492,-122.3909203
314,Mini Mobile Food Catering,355 11TH ST,Cold Truck: Corn Dogs: Noodle Soups: Candy: Pre-packaged Snacks: Sandwiches: Chips: Coffee: Tea: Various Beverages,37.77146722,-122.4128723
315,Athena SF Gyro,10 SOUTH VAN NESS AVE,Gyro pita bread (Lamb or chicken): lamb over rice: chicken over rice: chicken biryani rice: soft drinks,37.77425926,-122.419486
316,Izzy's Cheesesteaks,255 BATTERY ST,Cheesesteaks: French Fries: and Drinks,37.79344653,-122.4003437
317,Bonito Poke,409 ILLINOIS ST,Bonito Poke Bowls & Various Drinks,37.76624505,-122.3873563
318,"Casey's Pizza, LLC",654 MISSION ST,Artisan Pizzas (Margherita: Yukon Potato: Zoe's Pepperoni: Funghi: Brocolli Rabe: Bacon Kale:  Arugula) and Drinks.,37.78718285,-122.4012348
319,San Pancho's Tacos,491 BAY SHORE BLVD,Tacos: Burritos: Quesadillas: Tortas: Nachos: Hot Dogs:Soda: Water: Fruit Drinks,0,0
320,Liang Bai Ping,1500 WALLACE AVE,Cold Truck: Pre-packaged sandwiches: snacks: fruit: various beverages,37.72672579,-122.3892499
321,Liang Bai Ping,1180 THOMAS AVE,Cold Truck: Pre-packaged sandwiches: snacks: fruit: various beverages,37.72612524,-122.3831993
322,Quan Catering,1301 CESAR CHAVEZ ST,Cold Truck: Soft drinks: cup cakes: potato chips: cookies: gum: sandwiches (hot & cold): peanuts: muffins: coff (hot & cold): water: juice: yoplait: milk: orange juice: sunflower seeds: can foods: burritos: buscuits: chimichangas: rice krispies,37.74925586,-122.3909754
323,Scotch Bonnet,25 MONTGOMERY ST,Jerk chicken: curry chicken: curry goat: curry dhal: Burritos: Fish: Ox tails: rice: beans: veggies.,37.7894867,-122.4024674
324,Halal Food,50 CALIFORNIA ST,rice chicken beef hot dogs and sandwich's and coke and water,37.79405318,-122.3973477
325,"Casey's Pizza, LLC",100 SPEAR ST,Artisan Pizzas (Margherita: Yukon Potato: Zoe's Pepperoni: Funghi: Brocolli Rabe: Bacon Kale:  Arugula) and Drinks.,37.79215055,-122.394
326,"Casey's Pizza, LLC",368 FELL ST,Artisan Pizzas (Margherita: Yukon Potato: Zoe's Pepperoni: Funghi: Brocolli Rabe: Bacon Kale:  Arugula) and Drinks.,37.77604871,-122.4239392
327,Liang Bai Ping,1475 CARROLL AVE,Cold Truck: Pre-packaged sandwiches: snacks: fruit: various beverages,37.72325987,-122.3911729
328,"Casey's Pizza, LLC",231 SANSOME ST,Artisan Pizzas (Margherita: Yukon Potato: Zoe's Pepperoni: Funghi: Brocolli Rabe: Bacon Kale:  Arugula) and Drinks.,37.7926094,-122.4013149
329,Liang Bai Ping,1351 UNDERWOOD AVE,Cold Truck: Pre-packaged sandwiches: snacks: fruit: various beverages,37.72701466,-122.3874974
330,Mini Mobile Food Catering,491 BAY SHORE BLVD,Cold Truck: Corn Dogs: Noodle Soups: Candy: Pre-packaged Snacks: Sandwiches: Chips: Coffee: Tea: Various Beverages,0,0
331,Liang Bai Ping,1031 QUESADA AVE,Cold Truck: Pre-packaged sandwiches: snacks: fruit: various beverages,37.72578914,-122.3789727
332,Liang Bai Ping,1515 GRIFFITH ST,Cold Truck: Pre-packaged sandwiches: snacks: fruit: various beverages,37.72531943,-122.3813892
333,Athena SF Gyro,699 08TH ST,Gyro pita bread (Lamb or chicken): lamb over rice: chicken over rice: chicken biryani rice: soft drinks,37.771022,-122.4035463
334,Halal Cart of San Francisco,1 FRONT ST,Gyro; Chicken over rice; Gyro over rice;,37.79175721,-122.3988976
335,Chilifruit,Assessors Block /Lot,Mangoneadas: Fruit snacks: Chamoyadas: Bionicos,0,0
336,Quan Catering,3433 03RD ST,Cold Truck: Soft drinks: cup cakes: potato chips: cookies: gum: sandwiches (hot & cold): peanuts: muffins: coff (hot & cold): water: juice: yoplait: milk: orange juice: sunflower seeds: can foods: burritos: buscuits: chimichangas: rice krispies,0,0
337,Kettle Corn Star,865 MARKET ST,Kettle Corn: Funnel Cakes: Waffles: Lemonade,37.78394691,-122.4071583
338,"San Francisco Carts & Concessions, Inc. DBA Stanley's Steamers Hot Dogs",331 POWELL ST,American Food: Hot dogs: pretzels: ice cream: salads: beverages: sandwiches: soup: coffee: pastries:etc.,37.7877553,-122.4087822
339,Quan Catering,201 ALABAMA ST,Cold Truck: Soft drinks: cup cakes: potato chips: cookies: gum: sandwiches (hot & cold): peanuts: muffins: coff (hot & cold): water: juice: yoplait: milk: orange juice: sunflower seeds: can foods: burritos: buscuits: chimichangas: rice krispies,37.76779784,-122.4120963
340,"San Francisco Carts & Concessions, Inc. DBA Stanley's Steamers Hot Dogs",233 GEARY ST,Hot dogs: condiments: soft pretzels: soft drinks: coffee: cold beverages: pastries: bakery goods: cookies: ice cream: candy: soups: churros: chestnuts: nuts: fresh fruit: fruit juices: desserts: potato chips and popcorn.,37.7872426,-122.4068797
341,Liang Bai Ping,1430 YOSEMITE AVE,Cold Truck: Pre-packaged sandwiches: snacks: fruit: various beverages,37.72549805,-122.3883692
342,Liang Bai Ping,201 FOLSOM ST,Cold Truck: Pre-packaged sandwiches: snacks: fruit: various beverages,37.78814528,-122.3911819
343,Liang Bai Ping,Assessors Block 3720/Lot001,Cold Truck: Pre-packaged sandwiches: snacks: fruit: various beverages,37.78969137,-122.3965956
344,Halal Cart of San Francisco,555 MARKET ST,Gyro; Chicken over rice; Gyro over rice;,37.78988988,-122.3999304
345,Boulangerie La Camionnette,500 FLORIDA ST,Bread: Pastries: Coffee: Pizza,37.76259016,-122.4114839
346,Let's Be Frank,404 OCTAVIA ST,Hot dogs and chili,37.77603906,-122.4241756
347,Khalid M Malik,Assessors Block /Lot,chicken sandwich: chicken gyro: chicken biryani,0,0
348,The Chef Station,425 DIVISADERO ST,South American Peruvian Food - Ceiches: hot wok dishes: hot pastas: rice dishes: and Tapas.,37.77336405,-122.4378752
349,Mini Mobile Food Catering,Assessors Block 3905/Lot011,Cold Truck: Corn Dogs: Noodle Soups: Candy: Pre-packaged Snacks: Sandwiches: Chips: Coffee: Tea: Various Beverages,37.76855707,-122.4096102
350,Liang Bai Ping,1389 UNDERWOOD AVE,Cold Truck: Pre-packaged sandwiches: snacks: fruit: various beverages,37.72711043,-122.3882613
351,Scotch Bonnet,430 CALIFORNIA ST,Jerk chicken: curry chicken: curry goat: curry dhal: Burritos: Fish: Ox tails: rice: beans: veggies.,37.79326221,-122.4017891
352,"Off the Grid Services, LLC",65 MINNA ST,N/A,37.78790958,-122.3983608
353,Liang Bai Ping,1450 DONNER AVE,Cold Truck: Pre-packaged sandwiches: snacks: fruit: various beverages,37.72305651,-122.3911119
354,Liang Bai Ping,1300 GRIFFITH ST,Cold Truck: Pre-packaged sandwiches: snacks: fruit: various beverages,37.72708663,-122.3810744
355,Mini Mobile Food Catering,401 HARRISON ST,Cold Truck: Corn Dogs: Noodle Soups: Candy: Pre-packaged Snacks: Sandwiches: Chips: Coffee: Tea: Various Beverages,0,0
356,Liang Bai Ping,1440 BANCROFT AVE,Cold Truck: Pre-packaged sandwiches: snacks: fruit: various beverages,37.72417289,-122.3897354
357,Liang Bai Ping,1337 VAN DYKE AVE,Cold Truck: Pre-packaged sandwiches: snacks: fruit: various beverages,37.72624948,-122.3878154
358,Mini Mobile Food Catering,245 01ST ST,Cold Truck: Corn Dogs: Noodle Soups: Candy: Pre-packaged Snacks: Sandwiches: Chips: Coffee: Tea: Various Beverages,37.7879001,-122.394594
359,Quan Catering,645 BRYANT ST,Cold Truck: Soft drinks: cup cakes: potato chips: cookies: gum: sandwiches (hot & cold): peanuts: muffins: coff (hot & cold): water: juice: yoplait: milk: orange juice: sunflower seeds: can foods: burritos: buscuits: chimichangas: rice krispies,37.77826658,-122.3988359
360,"Off the Grid Services, LLC",90 BROADWAY,everything except for hot dogs,37.79926011,-122.3996179
361,SF Street Food,667 MISSION ST,Chicken Tikka Masala: Vegetarian Rice Plate: Burritos: Tacos: Mango Lassi,37.78655805,-122.4010334
362,Swell Cream & Coffee,2450 TARAVAL ST,Ice cream: coffee: pastries,37.74255037,-122.4926771
363,Quan Catering,50 CALIFORNIA ST,Cold Truck: Soft drinks: cup cakes: potato chips: cookies: gum: sandwiches (hot & cold): peanuts: muffins: coff (hot & cold): water: juice: yoplait: milk: orange juice: sunflower seeds: can foods: burritos: buscuits: chimichangas: rice krispies,37.79405318,-122.3973477
364,"San Francisco Carts & Concessions, Inc. DBA Stanley's Steamers Hot Dogs",Assessors Block /Lot,American Food: Hot dogs: pretzels: ice cream: salads: beverages: sandwiches: soup: coffee: pastries:etc.,0,0
365,Mini Mobile Food Catering,350 FREMONT ST,Cold Truck: Corn Dogs: Noodle Soups: Candy: Pre-packaged Snacks: Sandwiches: Chips: Coffee: Tea: Various Beverages,37.78707653,-122.3929826
366,Mini Mobile Food Catering,620 MENDELL ST,Cold Truck: Corn Dogs: Noodle Soups: Candy: Pre-packaged Snacks: Sandwiches: Chips: Coffee: Tea: Various Beverages,37.73937867,-122.3863379
367,Taqueria Lolita,750 PHELPS ST,Tacos: burritos: quesadillas: combination plates: tortas: tostadas,37.73944545,-122.393015
368,Liang Bai Ping,1370 VAN DYKE AVE,Cold Truck: Pre-packaged sandwiches: snacks: fruit: various beverages,37.72695076,-122.38798
369,Quan Catering,151 EXECUTIVE PARK BLVD,Cold Truck: Soft drinks: cup cakes: potato chips: cookies: gum: sandwiches (hot & cold): peanuts: muffins: coff (hot & cold): water: juice: yoplait: milk: orange juice: sunflower seeds: can foods: burritos: buscuits: chimichangas: rice krispies,0,0
370,Treats by the Bay LLC,1 MONTGOMERY ST,Sandwich: Donuts: Coffee: Soft Serve Ice Cream: Drinks,37.78924953,-122.4024186
371,BH & MT LLC,2145 MARKET ST,Cold Truck: Breakfast: Sandwiches: Salads: Pre-Packaged Snacks: Beverages,37.76662477,-122.4295112
372,Liang Bai Ping,1212 THOMAS AVE,Cold Truck: Pre-packaged sandwiches: snacks: fruit: various beverages,37.72666477,-122.3841442
373,Quan Catering,2555 BAY SHORE BLVD,Cold Truck: Soft drinks: cup cakes: potato chips: cookies: gum: sandwiches (hot & cold): peanuts: muffins: coff (hot & cold): water: juice: yoplait: milk: orange juice: sunflower seeds: can foods: burritos: buscuits: chimichangas: rice krispies,37.70937546,-122.4041544
374,Isidoro Serrano,2501 MISSION ST,,37.75687745,-122.4185799
375,Ziaurehman Amini,1 CALIFORNIA ST,,37.79321373,-122.397043
376,Liang Bai Ping,1460 BANCROFT AVE,Cold Truck: Pre-packaged sandwiches: snacks: fruit: various beverages,37.72441324,-122.3901572
377,Liang Bai Ping,1555 BANCROFT AVE,Cold Truck: Pre-packaged sandwiches: snacks: fruit: various beverages,37.72439753,-122.3915051
378,"The New York Frankfurter Co. of CA, Inc. DBA: Annie's Hot Dogs",870 MARKET ST,Soft pretzels: hot dogs: sausages: chips: popcorn: soda: espresso: cappucino: pastry: ica cream: ices: italian sausage: shish-ka-bob: churros: juice: water: various drinks,37.78511092,-122.4074227
379,"San Francisco Carts & Concessions, Inc. DBA Stanley's Steamers Hot Dogs",345 STOCKTON ST,Hot dogs: condiments: soft pretzels: soft drinks: coffee: cold beverages: pastries: bakery goods: cookies: ice cream: candy: soups: churros: chestnuts: nuts: fresh fruit: fruit juices: desserts: potato chips and popcorn.,37.78891015,-122.407196
380,"Bay Area Dots, LLC",567 BAY ST,Hot dogs: condiments: soft pretzels: soft drinks: coffee: cold beverages: pastries: bakery goods: cookies: ice cream: candy: soups: churros: chestnuts: nuts: fresh fruit: fruit juices: desserts: potato chips and popcorn.,0,0
381,Liang Bai Ping,1153 SHAFTER AVE,Cold Truck: Pre-packaged sandwiches: snacks: fruit: various beverages,37.72648516,-122.3832325
382,El Calamar Perubian Food Truck,2615 24TH ST,Lomo Saltado: Jalea: Ceviche: Calamari Tilapia Plates: Chicken: Soda: Water.,37.75281483,-122.4056626
383,Brazuca Grill,3305 03RD ST,Cold Truck: Sandwiches: Noodles:  Pre-packaged Snacks: Candy: Desserts Various Beverages,37.74383117,-122.3777974
384,Let's Be Frank,425 HAYES ST,Hot dogs and chili,37.7765669,-122.4233954
385,Street Meet,564 HOWARD ST,Tortas: Burritos: Tacos: Churros: Nachos: Asada Fries,37.78753989,-122.3977267
386,Mini Mobile Food Catering,701 16TH ST,Cold Truck: Corn Dogs: Noodle Soups: Candy: Pre-packaged Snacks: Sandwiches: Chips: Coffee: Tea: Various Beverages,0,0
387,"Casey's Pizza, LLC",1 POST ST,Artisan Pizzas (Margherita: Yukon Potato: Zoe's Pepperoni: Funghi: Brocolli Rabe: Bacon Kale:  Arugula) and Drinks.,37.78877872,-122.4025746
388,Mini Mobile Food Catering,350 08TH ST,Cold Truck: Corn Dogs: Noodle Soups: Candy: Pre-packaged Snacks: Sandwiches: Chips: Coffee: Tea: Various Beverages,37.77369415,-122.4096584
389,Liang Bai Ping,1265 THOMAS AVE,Cold Truck: Pre-packaged sandwiches: snacks: fruit: various beverages,37.72670968,-122.3852947
390,Liang Bai Ping,300 BEALE ST,Cold Truck: Pre-packaged sandwiches: snacks: fruit: various beverages,37.78813948,-122.3925795
391,Giant Burrito,353 BAY SHORE BLVD,Tacos: Burritos: Tostadas: Flautas: Tostadas: Tortas: Pozole Menudo,37.74171783,-122.405418
392,Brazuca Grill,380 10TH ST,Cold Truck: Sandwiches: Noodles:  Pre-packaged Snacks: Candy: Desserts Various Beverages,37.77165385,-122.4118091
393,Brazuca Grill,1346 EDDY ST,Cold Truck: Sandwiches: Noodles:  Pre-packaged Snacks: Candy: Desserts Various Beverages,37.78186712,-122.4298852
394,Brazuca Grill,790 TENNESSEE ST,Cold Truck: Sandwiches: Noodles:  Pre-packaged Snacks: Candy: Desserts Various Beverages,37.7618524,-122.3899321
395,Brazuca Grill,1051 26TH ST,Cold Truck: Sandwiches: Noodles:  Pre-packaged Snacks: Candy: Desserts Various Beverages,37.75126941,-122.3898944
396,Brazuca Grill,601 23RD ST,Cold Truck: Sandwiches: Noodles:  Pre-packaged Snacks: Candy: Desserts Various Beverages,37.75503073,-122.3845307
397,Brazuca Grill,2030 03RD ST,Cold Truck: Sandwiches: Noodles:  Pre-packaged Snacks: Candy: Desserts Various Beverages,37.7636598,-122.3891339
398,Brazuca Grill,3000 03RD ST,Cold Truck: Sandwiches: Noodles:  Pre-packaged Snacks: Candy: Desserts Various Beverages,37.75046412,-122.3879083
399,Brazuca Grill,1347 DONNER AVE,Cold Truck: Sandwiches: Noodles:  Pre-packaged Snacks: Candy: Desserts Various Beverages,37.72145084,-122.3893534
400,Brazuca Grill,700 PENNSYLVANIA AVE,Cold Truck: Sandwiches: Noodles:  Pre-packaged Snacks: Candy: Desserts Various Beverages,37.75692365,-122.3935496
401,Brazuca Grill,150 OTIS ST,Cold Truck: Sandwiches: Noodles:  Pre-packaged Snacks: Candy: Desserts Various Beverages,37.7706834,-122.4208796
402,Brazuca Grill,1082 PENNSYLVANIA AVE,Cold Truck: Sandwiches: Noodles:  Pre-packaged Snacks: Candy: Desserts Various Beverages,37.75336083,-122.3930459
403,Brazuca Grill,1420 CARROLL AVE,Cold Truck: Sandwiches: Noodles:  Pre-packaged Snacks: Candy: Desserts Various Beverages,37.72357686,-122.3900591
404,Brazuca Grill,133 SHIPLEY ST,Cold Truck: Sandwiches: Noodles:  Pre-packaged Snacks: Candy: Desserts Various Beverages,37.7807241,-122.4012354
405,Brazuca Grill,998 INDIANA ST,Cold Truck: Sandwiches: Noodles:  Pre-packaged Snacks: Candy: Desserts Various Beverages,37.75803739,-122.3916719
406,San Francisco Taco Truck,345 WILLIAMS AVE,Tacos: Tortas: Burritos,37.72980548,-122.3992471
407,San Francisco Taco Truck,345 WILLIAMS AVE,Tacos: Tortas: Burritos,37.72980548,-122.3992471
408,Brazuca Grill,2085 03RD ST,Cold Truck: Sandwiches: Noodles:  Pre-packaged Snacks: Candy: Desserts Various Beverages,37.76329906,-122.3884823
409,Brazuca Grill,640 TENNESSEE ST,Cold Truck: Sandwiches: Noodles:  Pre-packaged Snacks: Candy: Desserts Various Beverages,37.76354048,-122.3900966
410,Brazuca Grill,1255 22ND ST,Cold Truck: Sandwiches: Noodles:  Pre-packaged Snacks: Candy: Desserts Various Beverages,37.75701552,-122.3940629
411,Brazuca Grill,640 TEXAS ST,Cold Truck: Sandwiches: Noodles:  Pre-packaged Snacks: Candy: Desserts Various Beverages,37.75791706,-122.3954759
412,Brazuca Grill,3255 03RD ST,Cold Truck: Sandwiches: Noodles:  Pre-packaged Snacks: Candy: Desserts Various Beverages,37.74844534,-122.386879
413,Brazuca Grill,1315 ARMSTRONG AVE,Cold Truck: Sandwiches: Noodles:  Pre-packaged Snacks: Candy: Desserts Various Beverages,37.72307876,-122.3875257
414,Brazuca Grill,2660 NEWHALL ST,Cold Truck: Sandwiches: Noodles:  Pre-packaged Snacks: Candy: Desserts Various Beverages,37.72721217,-122.3996363
415,Brazuca Grill,815 TENNESSEE ST,Cold Truck: Sandwiches: Noodles:  Pre-packaged Snacks: Candy: Desserts Various Beverages,37.7615022,-122.389277
416,Kid Abelha - Brazilian Hamburgers,125 NAPOLEON ST,Brazilian Hamburgers,37.74685602,-122.3971498
417,Brazuca Grill,208 PENNSYLVANIA AVE,Cold Truck: Sandwiches: Noodles:  Pre-packaged Snacks: Candy: Desserts Various Beverages,37.76346296,-122.3940129
418,Brazuca Grill,1411 MARKET ST,Cold Truck: Sandwiches: Noodles:  Pre-packaged Snacks: Candy: Desserts Various Beverages,37.77582552,-122.4172496
419,Brazuca Grill,1400 MINNESOTA ST,Cold Truck: Sandwiches: Noodles:  Pre-packaged Snacks: Candy: Desserts Various Beverages,37.75207459,-122.3901449
420,Brazuca Grill,131 SHOTWELL ST,Cold Truck: Sandwiches: Noodles:  Pre-packaged Snacks: Candy: Desserts Various Beverages,37.74793094,-122.4151932
421,Brazuca Grill,1090 26TH ST,Cold Truck: Sandwiches: Noodles:  Pre-packaged Snacks: Candy: Desserts Various Beverages,37.75160841,-122.3903095
422,Brazuca Grill,601 MARIPOSA ST,Cold Truck: Sandwiches: Noodles:  Pre-packaged Snacks: Candy: Desserts Various Beverages,37.76405209,-122.3901444
423,Brazuca Grill,1575 INDIANA ST,Cold Truck: Sandwiches: Noodles:  Pre-packaged Snacks: Candy: Desserts Various Beverages,37.75084961,-122.3900276
424,"Halal Cart, LLC",400 MONTGOMERY ST,kebabs: halal gyro: grilled halal meat: refreshments,37.79314863,-122.4025672
425,"Off the Grid Services, LLC",340 BRANNAN ST,Everything,37.78126469,-122.393229
426,San Pancho's Tacos,3119 ALEMANY BLVD,Tacos: Burritos: Quesadillas: Tortas: Nachos: Hot Dogs:Soda: Water: Fruit Drinks,37.71019302,-122.4552219
427,Truly Food & More,602 MISSION ST,Latin Food: Tacos: Pupusas: Vegetables: Salad: Waters: Sodas,37.78797328,-122.400185
428,"The New York Frankfurter Co. of CA, Inc. DBA: Annie's Hot Dogs",800 MARKET ST,Soft pretzels: hot dogs: sausages: chips: popcorn: sodea: coffee: espresso: cappucino: pastries: ice cream: Italian sausages: shish-ka-bob: churros: juice: water: various drinks.,37.78546975,-122.4066158
429,"Off the Grid Services, LLC",525 BRANNAN ST,Everything,37.77751326,-122.3970441
430,The Geez Freeze,3750 18TH ST,Snow Cones: Soft Serve Ice Cream & Frozen Virgin Daiquiris,37.7620192,-122.4273064
431,Park's Catering,Assessors Block 4755/Lot049,Cold Truck: Hamburger: cheeseburgers: hot dogs: hot sandwiches: cold sandwiches: egg muffins: cup of noodles: corn dogs: canned soup: coffee: hot cocoa: hot tea: gatorade: juice: milk: soda: water: fruits: fruit salad: rice pudding: yogurt: candy bars: chips: cookies: donuts: granola bars: muffins,37.72638293,-122.3784348
432,Park's Catering,1555 BURKE AVE,Cold Truck: Hamburger: cheeseburgers: hot dogs: hot sandwiches: cold sandwiches: egg muffins: cup of noodles: corn dogs: canned soup: coffee: hot cocoa: hot tea: gatorade: juice: milk: soda: water: fruits: fruit salad: rice pudding: yogurt: candy bars: chips: cookies: donuts: granola bars: muffins,37.74371348,-122.3859648
433,Park's Catering,330 NEWHALL ST,Cold Truck: Hamburger: cheeseburgers: hot dogs: hot sandwiches: cold sandwiches: egg muffins: cup of noodles: corn dogs: canned soup: coffee: hot cocoa: hot tea: gatorade: juice: milk: soda: water: fruits: fruit salad: rice pudding: yogurt: candy bars: chips: cookies: donuts: granola bars: muffins,37.74298987,-122.3867733
434,Tacos El Flaco,2901 03RD ST,Tacos: Burritos: Tortas: Quesadillas: Chips & Salsa & Various Beverages,37.75240499,-122.3870002
435,"San Francisco Street Foods, Inc.",2 MONTGOMERY ST,Hot dogs: condiments: soft pretzels: soft drinks: coffee: cold beverages: pastries: bakery goods: cookies: ice cream: candy: soups: churros: chestnuts: nuts: fresh fruit: fruit juices: desserts: potato chips and popcorn.,37.78939198,-122.4018247
436,Park's Catering,Assessors Block 4645/Lot015,Cold Truck: Hamburger: cheeseburgers: hot dogs: hot sandwiches: cold sandwiches: egg muffins: cup of noodles: corn dogs: canned soup: coffee: hot cocoa: hot tea: gatorade: juice: milk: soda: water: fruits: fruit salad: rice pudding: yogurt: candy bars: chips: cookies: donuts: granola bars: muffins,37.73213495,-122.3753981
437,Cochinita,490 BRANNAN ST,Mexican Food: Yucatan Food: Street Food,37.77886314,-122.3964444
438,Curry Up Now,225 BUSH ST,Chicken Tiki Masala Burritos: Paneer Tiki Masala Burritos: Samosas: Mango Lassi,37.79083842,-122.4011604
439,Curry Up Now,727 SANSOME ST,Indian Street Food: Tikka Masala Burritos; Samosas; Sexy Fries (Indian-inspired poutine); Naughty Naans; Deconstructed Samosas; Kathi Rolls; Lassis and Lemonades,37.79694901,-122.4021834
440,Park's Catering,1000 EVANS AVE,Cold Truck: Hamburger: cheeseburgers: hot dogs: hot sandwiches: cold sandwiches: egg muffins: cup of noodles: corn dogs: canned soup: coffee: hot cocoa: hot tea: gatorade: juice: milk: soda: water: fruits: fruit salad: rice pudding: yogurt: candy bars: chips: cookies: donuts: granola bars: muffins,37.73772687,-122.3765729
441,Cochinita,290 TOWNSEND ST,Mexican Food: Yucatan Food: Street Food,37.77775522,-122.3948078
442,"San Francisco Street Foods, Inc.",5 THE EMBARCADERO,Hot dogs: condiments: soft pretzels: soft drinks: coffee: cold beverages: pastries: bakery goods: cookies: ice cream: candy: soups: churros: chestnuts: nuts: fresh fruit: fruit juices: desserts: potato chips and popcorn.,37.794331,-122.3958111
443,Park's Catering,1200 MISSISSIPPI ST,Cold Truck: Hamburger: cheeseburgers: hot dogs: hot sandwiches: cold sandwiches: egg muffins: cup of noodles: corn dogs: canned soup: coffee: hot cocoa: hot tea: gatorade: juice: milk: soda: water: fruits: fruit salad: rice pudding: yogurt: candy bars: chips: cookies: donuts: granola bars: muffins,37.75169104,-122.3943742
444,Breakfast Embed,1200 04TH ST,Coffee: Pastries: Bagels: Sandwiches: Other Items,37.77248361,-122.3918116
445,Park's Catering,220 RANKIN ST,Cold Truck: Hamburger: cheeseburgers: hot dogs: hot sandwiches: cold sandwiches: egg muffins: cup of noodles: corn dogs: canned soup: coffee: hot cocoa: hot tea: gatorade: juice: milk: soda: water: fruits: fruit salad: rice pudding: yogurt: candy bars: chips: cookies: donuts: granola bars: muffins,37.74646979,-122.3915152
446,Curry Up Now,601 03RD ST,Indian Street Food: Tikka Masala Burritos; Samosas; Sexy Fries (Indian-inspired poutine); Naughty Naans; Deconstructed Samosas; Kathi Rolls; Lassis and Lemonades,37.78007717,-122.3937673
447,Park's Catering,3801 03RD ST,Cold Truck: Hamburger: cheeseburgers: hot dogs: hot sandwiches: cold sandwiches: egg muffins: cup of noodles: corn dogs: canned soup: coffee: hot cocoa: hot tea: gatorade: juice: milk: soda: water: fruits: fruit salad: rice pudding: yogurt: candy bars: chips: cookies: donuts: granola bars: muffins,37.74102621,-122.3877929
448,Cochinita,1219 07TH AVE,Mexican Food: Yucatan Food: Street Food,37.76549699,-122.4645976
449,Fillmore Square,1290 FILLMORE ST,Breakfast and lunch items with a nod to various cultures,37.78127595,-122.4318404
450,"Chairman SF, LLC",34 ELLIS ST,Baos: bowls & drinks,37.78756517,-122.4095928
451,Park's Catering,2020 EVANS AVE,Cold Truck: Hamburger: cheeseburgers: hot dogs: hot sandwiches: cold sandwiches: egg muffins: cup of noodles: corn dogs: canned soup: coffee: hot cocoa: hot tea: gatorade: juice: milk: soda: water: fruits: fruit salad: rice pudding: yogurt: candy bars: chips: cookies: donuts: granola bars: muffins,0,0
452,Cochinita,501 BEALE ST,Mexican Food: Yucatan Food: Street Food,37.78623677,-122.3890662
453,"Chairman SF, LLC",625 02ND ST,Baos: bowls & drinks,37.78168898,-122.3910618
454,Park's Catering,220 NEWHALL ST,Cold Truck: Hamburger: cheeseburgers: hot dogs: hot sandwiches: cold sandwiches: egg muffins: cup of noodles: corn dogs: canned soup: coffee: hot cocoa: hot tea: gatorade: juice: milk: soda: water: fruits: fruit salad: rice pudding: yogurt: candy bars: chips: cookies: donuts: granola bars: muffins,37.74301425,-122.3844602
455,Fillmore Square,1223 WEBSTER ST,Breakfast and lunch items with a nod to various cultures,37.78239151,-122.4311146
456,Breakfast Embed,234 01ST ST,Coffee: Pastries: Bagels: Sandwiches: Other Items,37.78773327,-122.3956635
457,"Chairman SF, LLC",536 MISSION ST,Baos: bowls & drinks,37.78924891,-122.398893
458,"San Francisco Street Foods, Inc.",1 THE EMBARCADERO,Hot dogs: condiments: soft pretzels: soft drinks: coffee: cold beverages: pastries: bakery goods: cookies: ice cream: candy: soups: churros: chestnuts: nuts: fresh fruit: fruit juices: desserts: potato chips and popcorn.,37.79464383,-122.3996443
459,Park's Catering,2323 CESAR CHAVEZ ST,Cold Truck: Hamburger: cheeseburgers: hot dogs: hot sandwiches: cold sandwiches: egg muffins: cup of noodles: corn dogs: canned soup: coffee: hot cocoa: hot tea: gatorade: juice: milk: soda: water: fruits: fruit salad: rice pudding: yogurt: candy bars: chips: cookies: donuts: granola bars: muffins,37.74880138,-122.4005525
460,Curry Up Now,370 DRUMM ST,Chicken Tiki Masala Burritos: Paneer Tiki Masala Burritos: Samosas: Mango Lassi,37.79691371,-122.3966507
461,"San Francisco Street Foods, Inc.",100 POST ST,Hot dogs: condiments: soft pretzels: soft drinks: coffee: cold beverages: pastries: bakery goods: cookies: ice cream: candy: soups: churros: chestnuts: nuts: fresh fruit: fruit juices: desserts: potato chips and popcorn.,37.78923328,-122.4055791
462,Park's Catering,1575 BURKE AVE,Cold Truck: Hamburger: cheeseburgers: hot dogs: hot sandwiches: cold sandwiches: egg muffins: cup of noodles: corn dogs: canned soup: coffee: hot cocoa: hot tea: gatorade: juice: milk: soda: water: fruits: fruit salad: rice pudding: yogurt: candy bars: chips: cookies: donuts: granola bars: muffins,37.74417845,-122.3867159
463,Park's Catering,1570 BURKE AVE,Cold Truck: Hamburger: cheeseburgers: hot dogs: hot sandwiches: cold sandwiches: egg muffins: cup of noodles: corn dogs: canned soup: coffee: hot cocoa: hot tea: gatorade: juice: milk: soda: water: fruits: fruit salad: rice pudding: yogurt: candy bars: chips: cookies: donuts: granola bars: muffins,37.74475219,-122.3856792
464,Fillmore Square,1290 FILLMORE ST,Breakfast and lunch items with a nod to various cultures,37.78127595,-122.4318404
465,Park's Catering,300 NEWHALL ST,Cold Truck: Hamburger: cheeseburgers: hot dogs: hot sandwiches: cold sandwiches: egg muffins: cup of noodles: corn dogs: canned soup: coffee: hot cocoa: hot tea: gatorade: juice: milk: soda: water: fruits: fruit salad: rice pudding: yogurt: candy bars: chips: cookies: donuts: granola bars: muffins,37.74322468,-122.385343
466,Park's Catering,1801 EVANS AVE,Cold Truck: Hamburger: cheeseburgers: hot dogs: hot sandwiches: cold sandwiches: egg muffins: cup of noodles: corn dogs: canned soup: coffee: hot cocoa: hot tea: gatorade: juice: milk: soda: water: fruits: fruit salad: rice pudding: yogurt: candy bars: chips: cookies: donuts: granola bars: muffins,37.7445912,-122.3930769
467,Park's Catering,Assessors Block 4644/Lot008,Cold Truck: Hamburger: cheeseburgers: hot dogs: hot sandwiches: cold sandwiches: egg muffins: cup of noodles: corn dogs: canned soup: coffee: hot cocoa: hot tea: gatorade: juice: milk: soda: water: fruits: fruit salad: rice pudding: yogurt: candy bars: chips: cookies: donuts: granola bars: muffins,37.73090615,-122.3733026
468,Fillmore Square,1245 FILLMORE ST,Breakfast and lunch items with a nod to various cultures,37.78085752,-122.4330568
469,Park's Catering,3450 03RD ST,Cold Truck: Hamburger: cheeseburgers: hot dogs: hot sandwiches: cold sandwiches: egg muffins: cup of noodles: corn dogs: canned soup: coffee: hot cocoa: hot tea: gatorade: juice: milk: soda: water: fruits: fruit salad: rice pudding: yogurt: candy bars: chips: cookies: donuts: granola bars: muffins,37.74572922,-122.3877977
470,Park's Catering,525 PHELPS ST,Cold Truck: Hamburger: cheeseburgers: hot dogs: hot sandwiches: cold sandwiches: egg muffins: cup of noodles: corn dogs: canned soup: coffee: hot cocoa: hot tea: gatorade: juice: milk: soda: water: fruits: fruit salad: rice pudding: yogurt: candy bars: chips: cookies: donuts: granola bars: muffins,37.74176065,-122.389098
471,Cochinita,501 02ND ST,Mexican Food: Yucatan Food: Street Food,37.7831711,-122.392901
472,Park's Catering,1650 DAVIDSON AVE,Cold Truck: Hamburger: cheeseburgers: hot dogs: hot sandwiches: cold sandwiches: egg muffins: cup of noodles: corn dogs: canned soup: coffee: hot cocoa: hot tea: gatorade: juice: milk: soda: water: fruits: fruit salad: rice pudding: yogurt: candy bars: chips: cookies: donuts: granola bars: muffins,37.7467113,-122.3921503
473,Park's Catering,190 NAPOLEON ST,Cold Truck: Hamburger: cheeseburgers: hot dogs: hot sandwiches: cold sandwiches: egg muffins: cup of noodles: corn dogs: canned soup: coffee: hot cocoa: hot tea: gatorade: juice: milk: soda: water: fruits: fruit salad: rice pudding: yogurt: candy bars: chips: cookies: donuts: granola bars: muffins,37.74758628,-122.3988657
474,Park's Catering,250 NAPOLEON ST,Cold Truck: Hamburger: cheeseburgers: hot dogs: hot sandwiches: cold sandwiches: egg muffins: cup of noodles: corn dogs: canned soup: coffee: hot cocoa: hot tea: gatorade: juice: milk: soda: water: fruits: fruit salad: rice pudding: yogurt: candy bars: chips: cookies: donuts: granola bars: muffins,37.74675555,-122.4009063
475,Cochinita,617 BRYANT ST,Mexican Food: Yucatan Food: Street Food,37.77905111,-122.3983039
476,Park's Catering,10 LOOMIS ST,Cold Truck: Hamburger: cheeseburgers: hot dogs: hot sandwiches: cold sandwiches: egg muffins: cup of noodles: corn dogs: canned soup: coffee: hot cocoa: hot tea: gatorade: juice: milk: soda: water: fruits: fruit salad: rice pudding: yogurt: candy bars: chips: cookies: donuts: granola bars: muffins,37.74378392,-122.4037888
477,Park's Catering,2525 MARIN ST,Cold Truck: Hamburger: cheeseburgers: hot dogs: hot sandwiches: cold sandwiches: egg muffins: cup of noodles: corn dogs: canned soup: coffee: hot cocoa: hot tea: gatorade: juice: milk: soda: water: fruits: fruit salad: rice pudding: yogurt: candy bars: chips: cookies: donuts: granola bars: muffins,37.74761607,-122.401977
478,Cochinita,999 DIVISADERO ST,Mexican Food: Yucatan Food: Street Food,37.7783843,-122.4387824
479,Cochinita,2601 24TH ST,Panushos: Salbutes: Salad: Rice: Beans: Cochinita: etc.,37.75282237,-122.4055319
480,Datam SF LLC dba Anzu To You,2535 TAYLOR ST,Asian Fusion - Japanese Sandwiches/Sliders/Misubi,37.80588535,-122.4159452
481,"San Francisco Street Foods, Inc.",701 HOWARD ST,Hot dogs: condiments: soft pretzels: soft drinks: coffee: cold beverages: pastries: bakery goods: cookies: ice cream: candy: soups: churros: chestnuts: nuts: fresh fruit: fruit juices: desserts: potato chips and popcorn.,37.78351335,-122.4008134
